1,AGG ASLT ENHANC STRANGL/SUFFOC,9
1,AGG ASLT STRANGLE/SUFFOCATE,46
1,AGG ASLT W/MOTOR VEH FAM/DAT V,1
1,AGG ASSAULT,56
1,AGG ASSAULT FAM/DATE VIOLENCE,30
1,AGG ASSAULT WITH MOTOR VEH,2
1,AGG ROBBERY BY ASSAULT,2
1,AGG ROBBERY/DEADLY WEAPON,58
1,AIRPORT PLACES WEAPON PROHIBIT,3
1,ARSON,11
1,ASSAULT BY CONTACT,138
1,ASSAULT BY CONTACT FAM/DATING,61
1,ASSAULT BY THREAT,67
1,ASSAULT BY THREAT FAM/DATING,16
1,ASSAULT ON PUBLIC SERVANT,12
1,ASSAULT W/INJURY-FAM/DATE VIOL,232
1,ASSAULT WITH INJURY,165
1,AUTO THEFT,198
1,BAIL JUMPING/FAIL TO APPEAR,1
1,BOMB THREAT,2
1,BREACH OF COMPUTER SECURITY,14
1,BURG NON RESIDENCE SHEDS,43
1,BURG OF RES - FAM/DATING ASLT,5
1,BURGLARY NON RESIDENCE,146
1,BURGLARY OF COIN-OP MACHINE,7
1,BURGLARY OF RESIDENCE,164
1,BURGLARY OF VEHICLE,719
1,CHILD CUSTODY INTERFERE,58
1,CHILD ENDANGERMENT- ABANDONMEN,3
1,CIVIL DISTURBANCE/DEMO,2
1,COMPELLING PROSTITUTION,1
1,COUNTERFEITING,3
1,CRASH/FAIL STOP AND RENDER AID,25
1,CRASH/INTOXICATION ASSAULT,1
1,CRED CARD ABUSE - OTHER,80
1,CRED CARD ABUSE BY FORGERY,15
1,CRIMINAL MISCHIEF,348
1,CRIMINAL MISCHIEF BY ARSON,1
1,CRIMINAL TRESPASS,131
1,CRIMINAL TRESPASS/HOTEL,7
1,CRIMINAL TRESPASS/IN VEHICLE,3
1,CRIMINAL TRESPASS/TRANSIENT,6
1,CRUELTY TO ANIMALS,14
1,CUSTODY ARREST TRAFFIC WARR,62
1,DAMAGE CITY PROP,23
1,DAMAGE CITY VEHICLE,9
1,DANG DRUG VIOL - OTHER,1
1,DATING DISTURBANCE,71
1,DEADLY CONDUCT,18
1,DEBIT CARD ABUSE,79
1,DEL CONTROLLED SUB/NARCOTIC,25
1,DEL MARIJUANA,2
1,DISRUPTING MEETING/PROCESSION,1
1,DISTRIB HARMFUL MATERIAL MINOR,2
1,DISTURBANCE - OTHER,231
1,DOC ABUSE OR THREAT,2
1,DOC ABUSIVE LANGUAGE,1
1,DOC DISCHARGE GUN - PUB PLACE,4
1,DOC DISCHARGE GUN - PUB ROAD,2
1,DOC DISPLAY GUN/DEADLY PUB PLC,6
1,DOC EXPOSURE,5
1,DOC FIGHTING,13
1,DOC OFFENSIVE GESTURE,4
1,DOC UNREASONABLE NOISE,4
1,DOC WINDOW PEEPING-RESIDENCE,3
1,DRIVING WHILE INTOX / FELONY,23
1,DUI - AGE 17 TO 20,2
1,DUMPING REFUSE NEAR HIGHWAY,2
1,DWI,245
1,DWI  .15 BAC OR ABOVE,31
1,DWI - CHILD PASSENGER,2
1,DWI - DRUG RECOGNITION EXPERT,7
1,DWI 2ND,47
1,ESCAPE FROM CUSTODY,1
1,EVADING / FOOT,11
1,EVADING / VEHICLE PURSUIT,6
1,EVADING VEHICLE,23
1,EXPLOITATION OF CHILD/ELDERLY,1
1,FAILURE TO IDENTIFY,20
1,FALSE ALARM OR REPORT,2
1,FALSE REPORT TO PEACE OFFICER,6
1,FALSE STATEMENT -OBTAIN CREDIT,1
1,FAMILY DISTURBANCE,830
1,FAMILY DISTURBANCE/PARENTAL,41
1,FEDERAL VIOL/OTHER,2
1,FELONY ENHANCEMENT/ASSLT W/INJ,28
1,FORGERY - OTHER,4
1,FORGERY AND PASSING,42
1,FORGERY BY ALTERATION,3
1,FORGERY BY MAKING,5
1,FORGERY OF IDENTIFICATION,1
1,FRAUD - OTHER,94
1,FRAUD DESTRUCTION OF A WRITING,1
1,FRAUD-CARD SKIMMER,16
1,GAMBLING,3
1,GRAFFITI,19
1,HARASSMENT,207
1,HARASSMENT OF A PUBLIC SERVANT,6
1,HARBORING RUNAWAY CHILD,1
1,HINDER SECURED CREDITORS,1
1,HINDERING APPREHENSION,2
1,IDENTITY THEFT,101
1,IDENTITY THEFT-TAX RETURNS,2
1,INDECENT EXPOSURE,12
1,INJ TO DISABLED  FAM/DATE VIOL,1
1,INJ TO ELDERLY   FAM/DATE VIOL,9
1,INJ/CHILD FV (NO CARE/CUSTODY),1
1,INJURY DISABLED INDIVIDUAL,1
1,INJURY TO CHILD,11
1,INJURY TO CHILD (CARE/CUSTODY),2
1,INJURY TO ELDERLY PERSON,4
1,INTER EMERG PHONECALL FAM/DATE,1
1,INTERFERE W PO SERVICE ANIMALS,1
1,INTERFERENCE PUBLIC DUTIES,2
1,INTERFERING W/EMERG PHONE CALL,3
1,JUSTIFIED HOMICIDE,1
1,KIDNAPPING,1
1,LIQUOR LAW VIOLATION/OTHER,5
1,LITTERING,1
1,MISAPPLY FIDUCIARY PROP,1
1,MONEY LAUNDERING,1
1,MURDER,1
1,NUISANCE ABATEMENT,1
1,OBSCENE DISPLAY - DISTRIBUTION,1
1,OBTAIN CONTROLLED SUB BY FRAUD,1
1,OBTAIN DANG DRUG BY FRAUD,1
1,ONLINE IMPERSONATION,3
1,ONLINE SOLICITATION OF A MINOR,2
1,PAROLE VIOL,4
1,POCKET PICKING,5
1,POSS CONTROLLED SUB/NARCOTIC,192
1,POSS CONTROLLED SUB/OTHER,7
1,POSS CONTROLLED SUB/SYN NARC,11
1,POSS DANG DRUG,5
1,POSS MARIJUANA,207
1,POSS OF ALCOHOL - AGE 17 TO 20,5
1,POSS OF ALCOHOL-AGE 16 & UNDER,2
1,POSS OF DRUG PARAPHERNALIA,97
1,POSS OF FIREARM BY FELON,14
1,POSS OF PROHIBITED WEAPON,4
1,POSS SYNTHETIC MARIJUANA,17
1,POSS/PROMO CHILD PORNOGRAPHY,5
1,PROBATION VIOL,1
1,PROSTITUTION,3
1,PROTECTIVE ORDER,35
1,PROWLER,1
1,PUBLIC INTOXICATION,141
1,PUBLIC LEWDNESS,1
1,RECKLESS DAMAGE,8
1,RENTAL CAR/FAIL TO RETURN,10
1,RESISTING ARREST OR SEARCH,11
1,RETALIATION,2
1,ROBBERY BY ASSAULT,22
1,ROBBERY BY THREAT,13
1,RUNAWAY CHILD,125
1,SMUGGLING ILLEGAL ALIEN,1
1,SOLICITATION - BEGGING,8
1,STALKING,8
1,SUSPICIOUS PERSON,44
1,TAKE WEAPON FRM POLICE OFFICER,1
1,TAMPERING WITH EVIDENCE,2
1,TAMPERING WITH GOV RECORD,1
1,TELECOMMUNICATION CRIMES/OTHER,1
1,TERRORISTIC THREAT,56
1,TERRORISTIC THREAT-FAM/DAT VIO,10
1,THEFT,753
1,THEFT BY CHECK,1
1,THEFT BY EMBEZZLEMENT,1
1,THEFT BY SHOPLIFTING,254
1,THEFT FROM AUTO,31
1,THEFT FROM BUILDING,25
1,THEFT FROM PERSON,21
1,THEFT OF AUTO PARTS,17
1,THEFT OF BICYCLE,78
1,THEFT OF LICENSE PLATE,35
1,THEFT OF METAL,6
1,THEFT OF SERVICE,36
1,THEFT OF TRAILER,11
1,UNAUTHORIZED USE VEH-EXPIRED,2
1,UNLAWFUL CARRY-LIC HOLDER,1
1,UNLAWFUL CARRYING WEAPON,13
1,UNLAWFUL RESTRAINT,3
1,UNLAWFUL RESTRAINT FAM/DAT VIO,3
1,URINATING IN PUBLIC PLACE,3
1,VIOL CITY ORDINANCE -  GAME RM,1
1,VIOL CITY ORDINANCE - AIRPORT,1
1,VIOL CITY ORDINANCE - DOG,11
1,VIOL CITY ORDINANCE - OTHER,44
1,VIOL CITY ORDINANCE - WRECKER,5
1,VIOL OF BOND CONDITIONS,1
1,VIOL OF EMERG PROTECTIVE ORDER,11
1,VIOL OF PROTECTIVE ORDER,20
1,VIOL STATE LAW - OTHER,10
1,VIOL TEMP EX PARTE  ORDER,3
1,VOCO - ALCOHOL  CONSUMPTION,3
1,WARRANT ARREST NON TRAFFIC,99
2,AGG ASLT ENHANC STRANGL/SUFFOC,3
2,AGG ASLT STRANGLE/SUFFOCATE,45
2,AGG ASLT W/MOTOR VEH FAM/DAT V,3
2,AGG ASSAULT,57
2,AGG ASSAULT FAM/DATE VIOLENCE,27
2,AGG ASSAULT ON PUBLIC SERVANT,1
2,AGG ASSAULT WITH MOTOR VEH,1
2,AGG PROMOTION OF PROSTITUTION,1
2,AGG ROBBERY/DEADLY WEAPON,54
2,AIRPORT - CRIMINAL TRESPASS,1
2,AIRPORT - FEDERAL VIOL,2
2,AIRPORT PLACES WEAPON PROHIBIT,8
2,APPLIC TO REVOKE PROBATION,1
2,ARSON,3
2,ASSAULT BY CONTACT,146
2,ASSAULT BY CONTACT FAM/DATING,61
2,ASSAULT BY THREAT,75
2,ASSAULT BY THREAT FAM/DATING,17
2,ASSAULT ON PUBLIC SERVANT,5
2,ASSAULT W/INJURY-FAM/DATE VIOL,242
2,ASSAULT WITH INJURY,163
2,AUTO THEFT,172
2,BREACH OF COMPUTER SECURITY,10
2,BURG NON RESIDENCE SHEDS,26
2,BURG OF RES - FAM/DATING ASLT,1
2,BURGLARY NON RESIDENCE,114
2,BURGLARY OF COIN-OP MACHINE,5
2,BURGLARY OF RESIDENCE,152
2,BURGLARY OF VEHICLE,595
2,CHILD CUSTODY INTERFERE,48
2,CHILD ENDANGERMENT- ABANDONMEN,10
2,CIVIL DISTURBANCE/DEMO,5
2,COUNTERFEITING,5
2,CRASH/FAIL STOP AND RENDER AID,25
2,CRASH/INTOX MANSLAUGHTER,1
2,CRED CARD ABUSE - EXPIR-CANCEL,1
2,CRED CARD ABUSE - OTHER,65
2,CRED CARD ABUSE BY FORGERY,13
2,CRIMINAL MISCHIEF,321
2,CRIMINAL MISCHIEF BY ARSON,1
2,CRIMINAL TRESPASS,133
2,CRIMINAL TRESPASS/HOTEL,2
2,CRIMINAL TRESPASS/IN VEHICLE,1
2,CRIMINAL TRESPASS/TRANSIENT,18
2,CRUELTY TO ANIMALS,9
2,CUSTODY ARREST TRAFFIC WARR,43
2,DAMAGE CITY PROP,18
2,DAMAGE CITY VEHICLE,18
2,DATING DISTURBANCE,60
2,DEADLY CONDUCT,9
2,DEBIT CARD ABUSE,87
2,DEL CONTROLLED SUB/NARCOTIC,14
2,DEL CONTROLLED SUB/OTHER,1
2,DEL CONTROLLED SUB/SYN NARC,1
2,DEL MARIJUANA,1
2,DEL SYNTHETIC MARIJUANA,2
2,DISPOSAL OF SOLID WASTE,1
2,DISTURBANCE - OTHER,220
2,DOC DISCHARGE GUN - PUB PLACE,2
2,DOC DISCHARGE GUN - PUB ROAD,7
2,DOC DISPLAY GUN/DEADLY PUB PLC,4
2,DOC EXPOSURE,2
2,DOC FIGHTING,14
2,DOC OFFENSIVE GESTURE,4
2,DOC UNREASONABLE NOISE,2
2,DOC WINDOW PEEPING-RESIDENCE,2
2,DRIVING WHILE INTOX / FELONY,21
2,DUI - AGE 17 TO 20,3
2,DWI,233
2,DWI  .15 BAC OR ABOVE,27
2,DWI - CHILD PASSENGER,1
2,DWI - DRUG RECOGNITION EXPERT,10
2,DWI 2ND,42
2,EVADING / FOOT,8
2,EVADING / VEHICLE PURSUIT,6
2,EVADING VEHICLE,24
2,EXPLOSIVE ORDNANCE DISPOSAL,1
2,FAILURE TO IDENTIFY,17
2,FALSE ALARM OR REPORT,2
2,FALSE REPORT TO PEACE OFFICER,4
2,FALSE STATEMENT -OBTAIN CREDIT,1
2,FAMILY DISTURBANCE,777
2,FAMILY DISTURBANCE/PARENTAL,39
2,FEDERAL VIOL/OTHER,1
2,FELONY ENHANCEMENT/ASSLT W/INJ,12
2,FORGERY - OTHER,5
2,FORGERY AND PASSING,32
2,FORGERY BY ALTERATION,1
2,FORGERY BY MAKING,3
2,FORGERY OF IDENTIFICATION,1
2,FORGERY- CERTIFICATE OF TITLE,1
2,FRAUD - OTHER,76
2,FRAUD DESTRUCTION OF A WRITING,2
2,FRAUD-CARD SKIMMER,10
2,GRAFFITI,28
2,HARASSMENT,202
2,HARASSMENT OF A PUBLIC SERVANT,4
2,HINDER SECURED CREDITORS,1
2,HINDERING APPREHENSION,2
2,IDENTITY THEFT,78
2,IDENTITY THEFT-TAX RETURNS,7
2,INDECENT EXPOSURE,13
2,INHALANT ABUSE,1
2,INJ TO ELDERLY   FAM/DATE VIOL,1
2,INJURY DISABLED INDIVIDUAL,4
2,INJURY TO CHILD,12
2,INJURY TO CHILD (CARE/CUSTODY),3
2,INJURY TO ELDERLY PERSON,1
2,INTER EMERG PHONECALL FAM/DATE,6
2,INTERFERING W/EMERG PHONE CALL,1
2,ISSUANCE OF BAD CHECK,1
2,JUSTIFIED HOMICIDE,1
2,KIDNAPPING,2
2,KIDNAPPING FAM VIO,1
2,LIQUOR LAW VIOLATION/OTHER,3
2,MISAPPLY FIDUCIARY PROP,1
2,MONEY LAUNDERING,1
2,NUISANCE ABATEMENT,2
2,OBSCENE DISPLAY - DISTRIBUTION,2
2,OBTAIN CONTROLLED SUB BY FRAUD,1
2,OFFICIAL MISCONDUCT,1
2,ONLINE IMPERSONATION,5
2,ONLINE SOLICITATION OF A MINOR,1
2,PAROLE VIOL,2
2,POCKET PICKING,5
2,POSS CONTROLLED SUB/NARCOTIC,145
2,POSS CONTROLLED SUB/OTHER,6
2,POSS CONTROLLED SUB/SYN NARC,8
2,POSS DANG DRUG,2
2,POSS MARIJUANA,193
2,POSS OF ALCOHOL - AGE 17 TO 20,3
2,POSS OF DRUG PARAPHERNALIA,127
2,POSS OF FIREARM BY FELON,8
2,POSS OF PROHIBITED WEAPON,5
2,POSS SYNTHETIC MARIJUANA,21
2,POSS/PROMO CHILD PORNOGRAPHY,6
2,PROMOTION OF PROSTITUTION,1
2,PROSTITUTION,3
2,PROTECTIVE ORDER,25
2,PUBLIC INTOXICATION,153
2,PUBLIC LEWDNESS,3
2,RECKLESS CONDUCT,1
2,RECKLESS DAMAGE,4
2,RENTAL CAR/FAIL TO RETURN,4
2,RESISTING ARREST OR SEARCH,8
2,ROBBERY BY ASSAULT,25
2,ROBBERY BY THREAT,11
2,RUNAWAY CHILD,137
2,SMUGGLING ILLEGAL ALIEN,1
2,SOLICITATION - BEGGING,1
2,STALKING,5
2,SUSPICIOUS PERSON,64
2,TAKE WEAPON FRM POLICE OFFICER,2
2,TAMPERING WITH EVIDENCE,2
2,TERRORISTIC THREAT,58
2,TERRORISTIC THREAT-FAM/DAT VIO,13
2,THEFT,710
2,THEFT BY CHECK,1
2,THEFT BY EXTORTION,1
2,THEFT BY SHOPLIFTING,234
2,THEFT FROM AUTO,20
2,THEFT FROM BUILDING,24
2,THEFT FROM PERSON,20
2,THEFT OF AUTO PARTS,16
2,THEFT OF BICYCLE,89
2,THEFT OF LICENSE PLATE,30
2,THEFT OF METAL,2
2,THEFT OF SERVICE,49
2,THEFT OF TRAILER,19
2,TRUANCY,1
2,UNLAWFUL CARRY-LIC HOLDER,1
2,UNLAWFUL CARRYING WEAPON,15
2,UNLAWFUL RESTRAINT,3
2,UNLAWFUL RESTRAINT FAM/DAT VIO,1
2,URINATING IN PUBLIC PLACE,3
2,VIOL CITY ORDINANCE - DOG,7
2,VIOL CITY ORDINANCE - OTHER,45
2,VIOL CITY ORDINANCE - SOUND,1
2,VIOL CITY ORDINANCE - WRECKER,2
2,VIOL OF BOND CONDITIONS,1
2,VIOL OF EMERG PROTECTIVE ORDER,17
2,VIOL OF PARK CURFEW,1
2,VIOL OF PROTECTIVE ORDER,26
2,VIOL STATE LAW - OTHER,18
2,VIOL STAY AWAY ORDER,2
2,VIOL TEMP EX PARTE  ORDER,1
2,VOCO - ALCOHOL  CONSUMPTION,2
2,WARRANT ARREST NON TRAFFIC,82
2,WEAPON VIOL - OTHER,1
3,AGG ASLT ENHANC STRANGL/SUFFOC,5
3,AGG ASLT STRANGLE/SUFFOCATE,61
3,AGG ASSAULT,68
3,AGG ASSAULT FAM/DATE VIOLENCE,35
3,AGG ASSAULT ON PUBLIC SERVANT,5
3,AGG ASSAULT WITH MOTOR VEH,4
3,AGG KIDNAPPING FAM VIO,1
3,AGG PROMOTION OF PROSTITUTION,1
3,AGG ROBBERY/DEADLY WEAPON,51
3,AIRPORT - FEDERAL VIOL,2
3,AIRPORT PLACES WEAPON PROHIBIT,8
3,APPLIC TO REVOKE PROBATION,1
3,ARSON,6
3,ASSAULT BY CONTACT,136
3,ASSAULT BY CONTACT FAM/DATING,82
3,ASSAULT BY THREAT,70
3,ASSAULT BY THREAT FAM/DATING,10
3,ASSAULT ON PUBLIC SERVANT,8
3,ASSAULT W/INJURY-FAM/DATE VIOL,283
3,ASSAULT WITH INJURY,194
3,AUTO THEFT,209
3,BOMB THREAT,1
3,BREACH OF COMPUTER SECURITY,17
3,BURG NON RESIDENCE SHEDS,17
3,BURG OF RES - FAM/DATING ASLT,2
3,BURGLARY NON RESIDENCE,113
3,BURGLARY OF COIN-OP MACHINE,3
3,BURGLARY OF RESIDENCE,140
3,BURGLARY OF VEHICLE,812
3,CAPITAL MURDER,1
3,CHILD CUSTODY INTERFERE,89
3,CHILD ENDANGERMENT- ABANDONMEN,6
3,CIVIL DISTURBANCE/DEMO,1
3,COMPELLING PROSTITUTION,1
3,COUNTERFEITING,4
3,CRASH/FAIL STOP AND RENDER AID,37
3,CRASH/INTOXICATION ASSAULT,4
3,CRED CARD ABUSE - EXPIR-CANCEL,1
3,CRED CARD ABUSE - OTHER,79
3,CRED CARD ABUSE BY FORGERY,13
3,CRIMINAL MISCHIEF,385
3,CRIMINAL TRESPASS,139
3,CRIMINAL TRESPASS/HOTEL,4
3,CRIMINAL TRESPASS/IN VEHICLE,2
3,CRIMINAL TRESPASS/TRANSIENT,9
3,CRUELTY TO ANIMALS,10
3,CUSTODY ARREST TRAFFIC WARR,59
3,DAMAGE CITY PROP,28
3,DAMAGE CITY VEHICLE,10
3,DATING DISTURBANCE,73
3,DEADLY CONDUCT,6
3,DEBIT CARD ABUSE,100
3,DEL CONTROLLED SUB/NARCOTIC,30
3,DEL CONTROLLED SUB/OTHER,2
3,DEL CONTROLLED SUB/SYN NARC,5
3,DEL MARIJUANA,3
3,DEL SYNTHETIC MARIJUANA,1
3,DISTRIB HARMFUL MATERIAL MINOR,1
3,DISTURBANCE - OTHER,297
3,DOC DISCHARGE GUN - PUB PLACE,5
3,DOC DISCHARGE GUN - PUB ROAD,7
3,DOC DISPLAY GUN/DEADLY PUB PLC,8
3,DOC EXPOSURE,6
3,DOC FIGHTING,27
3,DOC OFFENSIVE GESTURE,2
3,DOC UNREASONABLE NOISE,3
3,DOC WINDOW PEEPING-RESIDENCE,3
3,DRIVING WHILE INTOX / FELONY,21
3,DUI - AGE 17 TO 20,3
3,DWI,217
3,DWI  .15 BAC OR ABOVE,52
3,DWI - CHILD PASSENGER,6
3,DWI - DRUG RECOGNITION EXPERT,10
3,DWI 2ND,47
3,EVADING / FOOT,22
3,EVADING / VEHICLE PURSUIT,6
3,EVADING VEHICLE,21
3,EXPLOITATION OF CHILD/ELDERLY,1
3,EXPLOSIVE ORDNANCE DISPOSAL,11
3,FAILURE TO IDENTIFY,28
3,FALSE ALARM OR REPORT,1
3,FALSE REPORT TO PEACE OFFICER,2
3,FALSE STATEMENT -OBTAIN CREDIT,1
3,FAMILY DISTURBANCE,887
3,FAMILY DISTURBANCE/PARENTAL,36
3,FEDERAL VIOL/OTHER,4
3,FELONY ENHANCEMENT/ASSLT W/INJ,32
3,FORGERY - OTHER,7
3,FORGERY AND PASSING,43
3,FORGERY BY ALTERATION,1
3,FORGERY BY MAKING,1
3,FORGERY OF IDENTIFICATION,1
3,FRAUD - OTHER,73
3,FRAUD DESTRUCTION OF A WRITING,2
3,FRAUD-CARD SKIMMER,5
3,GAMBLING PROMOTION,1
3,GRAFFITI,29
3,HARASSMENT,242
3,HINDER SECURED CREDITORS,1
3,IDENTITY THEFT,98
3,IDENTITY THEFT-TAX RETURNS,10
3,IMMIGRATION HOLD/ARREST,1
3,IMPERSONATING PUBLIC SERVANT,2
3,INDECENT EXPOSURE,15
3,INHALANT ABUSE,1
3,INJ TO DISABLED  FAM/DATE VIOL,2
3,INJ TO ELDERLY   FAM/DATE VIOL,3
3,INJ/CHILD FV (NO CARE/CUSTODY),1
3,INJURY DISABLED INDIVIDUAL,2
3,INJURY TO CHILD,8
3,INJURY TO CHILD (CARE/CUSTODY),2
3,INJURY TO ELDERLY PERSON,5
3,INTER EMERG PHONECALL FAM/DATE,1
3,INTERFERENCE PUBLIC DUTIES,1
3,INTERFERING W/EMERG PHONE CALL,1
3,JUSTIFIED HOMICIDE,3
3,KIDNAPPING,1
3,LITTERING,1
3,MURDER,5
3,ONLINE IMPERSONATION,5
3,ONLINE SOLICITATION OF A MINOR,4
3,PAROLE VIOL,1
3,POCKET PICKING,5
3,POSS CONTROLLED SUB/NARCOTIC,202
3,POSS CONTROLLED SUB/OTHER,11
3,POSS CONTROLLED SUB/SYN NARC,12
3,POSS DANG DRUG,5
3,POSS MARIJUANA,200
3,POSS OF ALCOHOL - AGE 17 TO 20,2
3,POSS OF ALCOHOL-AGE 16 & UNDER,3
3,POSS OF DRUG PARAPHERNALIA,113
3,POSS OF FIREARM BY FELON,7
3,POSS OF PROHIBITED WEAPON,7
3,POSS SYNTHETIC MARIJUANA,14
3,POSS/PROMO CHILD PORNOGRAPHY,9
3,PROBATION VIOL,1
3,PROSTITUTION,8
3,PROTECTIVE ORDER,28
3,PUBLIC INTOXICATION,165
3,PURSE SNATCHING,1
3,RECKLESS CONDUCT,2
3,RECKLESS DAMAGE,9
3,RENTAL CAR/FAIL TO RETURN,6
3,RESISTING ARREST OR SEARCH,14
3,RETALIATION,1
3,ROBBERY BY ASSAULT,32
3,ROBBERY BY THREAT,8
3,RUNAWAY CHILD,143
3,SMUGGLING ILLEGAL ALIEN,1
3,SOLICITATION - BEGGING,3
3,STALKING,6
3,SUSPICIOUS PERSON,83
3,TAMPERING WITH EVIDENCE,2
3,TERRORISTIC THREAT,62
3,TERRORISTIC THREAT-FAM/DAT VIO,19
3,THEFT,780
3,THEFT BY CHECK,2
3,THEFT BY FALSE PRETEXT/BUNCO,2
3,THEFT BY SHOPLIFTING,251
3,THEFT FROM AUTO,46
3,THEFT FROM BUILDING,22
3,THEFT FROM PERSON,24
3,THEFT OF AUTO PARTS,15
3,THEFT OF BICYCLE,98
3,THEFT OF HEAVY EQUIPMENT,1
3,THEFT OF LICENSE PLATE,40
3,THEFT OF METAL,9
3,THEFT OF SERVICE,38
3,THEFT OF TRAILER,9
3,THEFT- APPROPRIATE STOLEN PROP,1
3,TOBACCO VIOL - UNDER AGE 17,1
3,UNLAWFUL CARRY-LIC HOLDER,3
3,UNLAWFUL CARRYING WEAPON,28
3,UNLAWFUL INTERCEPTION,1
3,UNLAWFUL RESTRAINT FAM/DAT VIO,1
3,VIOL CITY ORDINANCE -  GAME RM,1
3,VIOL CITY ORDINANCE - DOG,10
3,VIOL CITY ORDINANCE - OTHER,63
3,VIOL CITY ORDINANCE - WRECKER,7
3,VIOL OF BOND CONDITIONS,2
3,VIOL OF EMERG PROTECTIVE ORDER,19
3,VIOL OF PROTECTIVE ORDER,26
3,VIOL STATE LAW - OTHER,17
3,VOCO - ALCOHOL  CONSUMPTION,6
3,VOCO AMPLIFIED MUSIC/VEHICLE,1
3,WARRANT ARREST NON TRAFFIC,102
3,WEAPON VIOL - OTHER,3
4,AGG ASLT ENHANC STRANGL/SUFFOC,4
4,AGG ASLT STRANGLE/SUFFOCATE,48
4,AGG ASLT W/MOTOR VEH FAM/DAT V,3
4,AGG ASSAULT,59
4,AGG ASSAULT FAM/DATE VIOLENCE,34
4,AGG ASSAULT ON PUBLIC SERVANT,1
4,AGG ASSAULT WITH MOTOR VEH,5
4,AGG ROBBERY BY ASSAULT,3
4,AGG ROBBERY/DEADLY WEAPON,43
4,AIRPORT - CRIMINAL TRESPASS,1
4,AIRPORT PLACES WEAPON PROHIBIT,14
4,ARSON,8
4,ASSAULT BY CONTACT,164
4,ASSAULT BY CONTACT FAM/DATING,53
4,ASSAULT BY THREAT,75
4,ASSAULT BY THREAT FAM/DATING,16
4,ASSAULT ON PUBLIC SERVANT,9
4,ASSAULT W/INJURY-FAM/DATE VIOL,299
4,ASSAULT WITH INJURY,206
4,AUTO THEFT,189
4,BOMB THREAT,3
4,BREACH OF COMPUTER SECURITY,6
4,BURG NON RESIDENCE SHEDS,21
4,BURG OF RES - FAM/DATING ASLT,4
4,BURGLARY NON RESIDENCE,125
4,BURGLARY OF COIN-OP MACHINE,5
4,BURGLARY OF RESIDENCE,155
4,BURGLARY OF VEHICLE,780
4,CAPITAL MURDER,1
4,CHILD CUSTODY INTERFERE,52
4,CHILD ENDANGERMENT- ABANDONMEN,12
4,COUNTERFEITING,6
4,CRASH/FAIL STOP AND RENDER AID,43
4,CRED CARD ABUSE - EXPIR-CANCEL,1
4,CRED CARD ABUSE - OTHER,71
4,CRED CARD ABUSE BY FORGERY,10
4,CRIMINAL MISCHIEF,388
4,CRIMINAL MISCHIEF BY ARSON,1
4,CRIMINAL SOLICITATION OF MINOR,1
4,CRIMINAL TRESPASS,119
4,CRIMINAL TRESPASS/HOTEL,7
4,CRIMINAL TRESPASS/IN VEHICLE,1
4,CRIMINAL TRESPASS/TRANSIENT,9
4,CRUELTY TO ANIMALS,18
4,CUSTODY ARREST TRAFFIC WARR,36
4,DAMAGE CITY PROP,23
4,DAMAGE CITY VEHICLE,12
4,DATING DISTURBANCE,81
4,DEADLY CONDUCT,10
4,DEBIT CARD ABUSE,82
4,DEL CONTROLLED SUB/NARCOTIC,14
4,DEL CONTROLLED SUB/SYN NARC,5
4,DEL OF ALCOHOL TO MINOR,1
4,DISTRIB HARMFUL MATERIAL MINOR,1
4,DISTURBANCE - OTHER,261
4,DOC ABUSIVE LANGUAGE,2
4,DOC CREATING NOXIOUS ODOR,2
4,DOC DISCHARGE GUN - PUB PLACE,2
4,DOC DISCHARGE GUN - PUB ROAD,2
4,DOC DISPLAY GUN/DEADLY PUB PLC,4
4,DOC EXPOSURE,6
4,DOC FIGHTING,16
4,DOC WINDOW PEEPING - PUB AREA,1
4,DOC WINDOW PEEPING-RESIDENCE,12
4,DRIVING WHILE INTOX / FELONY,25
4,DUI - AGE 17 TO 20,1
4,DUMPING REFUSE NEAR HIGHWAY,2
4,DWI,215
4,DWI  .15 BAC OR ABOVE,43
4,DWI - CHILD PASSENGER,4
4,DWI - DRUG RECOGNITION EXPERT,15
4,DWI 2ND,51
4,ESCAPE FROM CUSTODY,1
4,EVADING / FOOT,14
4,EVADING / VEHICLE PURSUIT,5
4,EVADING VEHICLE,25
4,EXPLOSIVE ORDNANCE DISPOSAL,11
4,FAILURE TO IDENTIFY,23
4,FALSE ALARM OR REPORT,1
4,FALSE REPORT TO CPS,1
4,FALSE REPORT TO PEACE OFFICER,6
4,FAMILY DISTURBANCE,918
4,FAMILY DISTURBANCE/PARENTAL,56
4,FELONY ENHANCEMENT/ASSLT W/INJ,29
4,FORGERY - OTHER,4
4,FORGERY AND PASSING,33
4,FORGERY BY ALTERATION,2
4,FORGERY BY MAKING,2
4,FORGERY- CERTIFICATE OF TITLE,1
4,FRAUD - OTHER,76
4,FRAUD-CARD SKIMMER,15
4,GAMBLING,3
4,GRAFFITI,24
4,HARASSMENT,221
4,HARASSMENT OF A PUBLIC SERVANT,1
4,HARBORING RUNAWAY CHILD,1
4,HINDERING APPREHENSION,1
4,IDENTITY THEFT,86
4,IDENTITY THEFT-TAX RETURNS,6
4,INDECENT EXPOSURE,11
4,INHALANT ABUSE,1
4,INJ TO DISABLED  FAM/DATE VIOL,1
4,INJ TO ELDERLY   FAM/DATE VIOL,3
4,INJ/CHILD FV (NO CARE/CUSTODY),6
4,INJURY DISABLED INDIVIDUAL,3
4,INJURY TO CHILD,8
4,INJURY TO CHILD (CARE/CUSTODY),4
4,INJURY TO ELDERLY PERSON,3
4,INTER EMERG PHONECALL FAM/DATE,1
4,INTERFERE W PO SERVICE ANIMALS,1
4,JUSTIFIED HOMICIDE,2
4,KIDNAPPING,2
4,LIQUOR LAW VIOLATION/OTHER,2
4,MISREP AGE BY MINOR,1
4,MONEY LAUNDERING,2
4,NUISANCE ABATEMENT,1
4,OBSCENE DISPLAY - DISTRIBUTION,2
4,OBTAIN CONTROLLED SUB BY FRAUD,6
4,OBTAIN DANG DRUG BY FRAUD,4
4,OFFICIAL OPPRESSION,1
4,ONLINE IMPERSONATION,4
4,ONLINE SOLICITATION OF A MINOR,1
4,PAROLE VIOL,1
4,POCKET PICKING,8
4,POSS CONTROLLED SUB/NARCOTIC,179
4,POSS CONTROLLED SUB/OTHER,2
4,POSS CONTROLLED SUB/SYN NARC,12
4,POSS DANG DRUG,3
4,POSS MARIJUANA,218
4,POSS OF ALCOHOL-AGE 16 & UNDER,1
4,POSS OF DRUG PARAPHERNALIA,121
4,POSS OF FIREARM BY FELON,9
4,POSS OF PROHIBITED WEAPON,1
4,POSS SYNTHETIC MARIJUANA,18
4,POSS/PROMO CHILD PORNOGRAPHY,5
4,PROSTITUTION,5
4,PROTECTIVE ORDER,22
4,PROWLER,1
4,PUBLIC INTOXICATION,146
4,PUBLIC LEWDNESS,2
4,RECKLESS DAMAGE,8
4,RENTAL CAR/FAIL TO RETURN,1
4,RESISTING ARREST OR SEARCH,9
4,RETALIATION,2
4,ROBBERY BY ASSAULT,21
4,ROBBERY BY THREAT,5
4,RUNAWAY CHILD,179
4,SOLICITATION - BEGGING,5
4,STALKING,2
4,STAY AWAY ORDER,1
4,SUSPICIOUS PERSON,47
4,TAMPERING WITH EVIDENCE,7
4,TELECOMMUNICATION CRIMES/OTHER,1
4,TERRORISTIC THREAT,73
4,TERRORISTIC THREAT-FAM/DAT VIO,16
4,THEFT,709
4,THEFT BY CHECK,4
4,THEFT BY EMBEZZLEMENT,1
4,THEFT BY EXTORTION,1
4,THEFT BY SHOPLIFTING,264
4,THEFT FROM AUTO,32
4,THEFT FROM BUILDING,15
4,THEFT FROM PERSON,17
4,THEFT OF AUTO PARTS,11
4,THEFT OF BICYCLE,95
4,THEFT OF HEAVY EQUIPMENT,1
4,THEFT OF LICENSE PLATE,41
4,THEFT OF METAL,1
4,THEFT OF SERVICE,37
4,THEFT OF TRAILER,23
4,THEFT- APPROPRIATE STOLEN PROP,1
4,TRADEMARK COUNTERFEITING,1
4,TRAFFICKING OF PERSONS,1
4,TRUANCY,1
4,UCW LICENSE PREMISE,1
4,UNLAWFUL CARRYING WEAPON,20
4,UNLAWFUL RESTRAINT,1
4,UNLAWFUL RESTRAINT FAM/DAT VIO,1
4,URINATING IN PUBLIC PLACE,3
4,VIOL CITY ORDINANCE -  GAME RM,3
4,VIOL CITY ORDINANCE - DOG,3
4,VIOL CITY ORDINANCE - OTHER,33
4,VIOL CITY ORDINANCE - SOUND,1
4,VIOL CITY ORDINANCE - WRECKER,3
4,VIOL CITY ORDINANCE -FIREWORK,1
4,VIOL OF BOND CONDITIONS,3
4,VIOL OF EMERG PROTECTIVE ORDER,20
4,VIOL OF PROTECTIVE ORDER,42
4,VIOL STATE LAW - OTHER,12
4,VIOL STAY AWAY ORDER,1
4,VOCO - ALCOHOL  CONSUMPTION,6
4,WARRANT ARREST NON TRAFFIC,90
4,WEAPON VIOL - OTHER,3
5,AGG ASLT ENHANC STRANGL/SUFFOC,9
5,AGG ASLT STRANGLE/SUFFOCATE,53
5,AGG ASLT W/MOTOR VEH FAM/DAT V,5
5,AGG ASSAULT,74
5,AGG ASSAULT FAM/DATE VIOLENCE,32
5,AGG ASSAULT WITH MOTOR VEH,8
5,AGG PROMOTION OF PROSTITUTION,1
5,AGG ROBBERY/DEADLY WEAPON,31
5,AIRPORT - BREACH OF SECURITY,1
5,AIRPORT PLACES WEAPON PROHIBIT,14
5,APPLIC TO REVOKE PROBATION,4
5,ARSON,4
5,ASSAULT BY CONTACT,161
5,ASSAULT BY CONTACT FAM/DATING,78
5,ASSAULT BY THREAT,75
5,ASSAULT BY THREAT FAM/DATING,22
5,ASSAULT ON PUBLIC SERVANT,7
5,ASSAULT W/INJURY-FAM/DATE VIOL,301
5,ASSAULT WITH INJURY,228
5,AUTO THEFT,156
5,BOATING WHILE INTOXICATED,1
5,BOMB THREAT,4
5,BREACH OF COMPUTER SECURITY,6
5,BURG NON RESIDENCE SHEDS,10
5,BURG OF RES - FAM/DATING ASLT,3
5,BURGLARY NON RESIDENCE,141
5,BURGLARY OF COIN-OP MACHINE,2
5,BURGLARY OF RESIDENCE,169
5,BURGLARY OF VEHICLE,663
5,CHILD CUSTODY INTERFERE,66
5,CHILD ENDANGERMENT- ABANDONMEN,9
5,CIVIL DISTURBANCE/DEMO,6
5,COMPELLING PROSTITUTION,1
5,CONTEMPT OF COURT,2
5,CONTROLLED SUB VIOL - OTHER,1
5,COUNTERFEITING,4
5,CRASH/FAIL STOP AND RENDER AID,40
5,CRASH/INTOXICATION ASSAULT,5
5,CRED CARD ABUSE - EXPIR-CANCEL,1
5,CRED CARD ABUSE - OTHER,76
5,CRED CARD ABUSE BY FORGERY,8
5,CRIMINAL MISCHIEF,401
5,CRIMINAL TRESPASS,145
5,CRIMINAL TRESPASS/HOTEL,6
5,CRIMINAL TRESPASS/IN VEHICLE,3
5,CRIMINAL TRESPASS/TRANSIENT,8
5,CRUELTY TO ANIMALS,17
5,CUSTODY ARREST TRAFFIC WARR,73
5,DAMAGE CITY PROP,16
5,DAMAGE CITY VEHICLE,22
5,DATING DISTURBANCE,96
5,DEADLY CONDUCT,5
5,DEBIT CARD ABUSE,89
5,DEL CONTROLLED SUB/NARCOTIC,30
5,DEL CONTROLLED SUB/SYN NARC,1
5,DEL SYNTHETIC MARIJUANA,1
5,DISPOSAL OF SOLID WASTE,1
5,DISTRIB HARMFUL MATERIAL MINOR,1
5,DISTURBANCE - OTHER,319
5,DOC ABUSE OR THREAT,1
5,DOC ABUSIVE LANGUAGE,1
5,DOC DISCHARGE GUN - PUB PLACE,4
5,DOC DISCHARGE GUN - PUB ROAD,2
5,DOC DISPLAY GUN/DEADLY PUB PLC,6
5,DOC EXPOSURE,10
5,DOC FIGHTING,17
5,DOC OFFENSIVE GESTURE,6
5,DOC UNREASONABLE NOISE,1
5,DOC WINDOW PEEPING - PUB AREA,2
5,DOC WINDOW PEEPING-RESIDENCE,2
5,DRIVING WHILE INTOX / FELONY,25
5,DUI - AGE 16 AND UNDER,1
5,DUI - AGE 17 TO 20,2
5,DUMPING REFUSE NEAR HIGHWAY,1
5,DWI,219
5,DWI  .15 BAC OR ABOVE,45
5,DWI - CHILD PASSENGER,10
5,DWI - DRUG RECOGNITION EXPERT,9
5,DWI 2ND,36
5,EVADING / FOOT,24
5,EVADING / VEHICLE PURSUIT,5
5,EVADING VEHICLE,12
5,EXPLOSIVE ORDNANCE DISPOSAL,5
5,FAILURE TO IDENTIFY,39
5,FALSE ALARM OR REPORT,7
5,FALSE REPORT TO PEACE OFFICER,2
5,FAMILY DISTURBANCE,948
5,FAMILY DISTURBANCE/PARENTAL,66
5,FEDERAL VIOL/OTHER,1
5,FELONY ENHANCEMENT/ASSLT W/INJ,21
5,FORGERY - OTHER,3
5,FORGERY AND PASSING,26
5,FORGERY BY ALTERATION,1
5,FORGERY BY MAKING,5
5,FRAUD - OTHER,83
5,FRAUD DESTRUCTION OF A WRITING,2
5,FRAUD-CARD SKIMMER,16
5,GAMBLING,2
5,GAMBLING PROMOTION,1
5,GRAFFITI,17
5,HARASSMENT,225
5,HARASSMENT OF A PUBLIC SERVANT,7
5,HINDER SECURED CREDITORS,1
5,IDENTITY THEFT,87
5,ILLUMIN AIRCRAFT INTENSE LIGHT,8
5,IMPERSONATING PUBLIC SERVANT,1
5,INDECENT EXPOSURE,14
5,INHALANT ABUSE,2
5,INJ TO DISABLED  FAM/DATE VIOL,1
5,INJ TO ELDERLY   FAM/DATE VIOL,3
5,INJ/CHILD FV (NO CARE/CUSTODY),1
5,INJURY DISABLED INDIVIDUAL,3
5,INJURY TO CHILD,9
5,INJURY TO CHILD (CARE/CUSTODY),2
5,INJURY TO ELDERLY PERSON,7
5,INTER EMERG PHONECALL FAM/DATE,3
5,INTERFERE W PO SERVICE ANIMALS,2
5,INTERFERING W/EMERG PHONE CALL,2
5,LIQUOR LAW VIOLATION/OTHER,3
5,MISAPPLY FIDUCIARY PROP,2
5,MISREP AGE BY MINOR,9
5,MURDER,2
5,NUISANCE ABATEMENT,3
5,OBSCENE DISPLAY - DISTRIBUTION,1
5,OBTAIN CONTROLLED SUB BY FRAUD,6
5,OBTAIN DANG DRUG BY FRAUD,1
5,ONLINE IMPERSONATION,9
5,ONLINE SOLICITATION OF A MINOR,4
5,PAROLE VIOL,5
5,PIGEON DROP,1
5,POCKET PICKING,9
5,POSS CONTROLLED SUB/NARCOTIC,153
5,POSS CONTROLLED SUB/OTHER,5
5,POSS CONTROLLED SUB/SYN NARC,9
5,POSS CRIMINAL INSTRUMENT,1
5,POSS DANG DRUG,1
5,POSS MARIJUANA,190
5,POSS OF ALCOHOL-AGE 16 & UNDER,1
5,POSS OF DRUG PARAPHERNALIA,112
5,POSS OF FIREARM BY FELON,10
5,POSS OF PROHIBITED WEAPON,2
5,POSS SYNTHETIC MARIJUANA,15
5,POSS/PROMO CHILD PORNOGRAPHY,5
5,PROMOTION OF PROSTITUTION,1
5,PROSTITUTION,2
5,PROTECTIVE ORDER,21
5,PROWLER,1
5,PUBLIC INTOXICATION,165
5,PUBLIC LEWDNESS,3
5,PURSE SNATCHING,1
5,RECKLESS CONDUCT,1
5,RECKLESS DAMAGE,5
5,RENTAL CAR/FAIL TO RETURN,2
5,RESISTING ARREST OR SEARCH,10
5,RETALIATION,2
5,ROBBERY BY ASSAULT,42
5,ROBBERY BY THREAT,5
5,RUNAWAY CHILD,195
5,SOLICITATION - BEGGING,4
5,STALKING,4
5,STAY AWAY ORDER,1
5,SUSPICIOUS PERSON,58
5,TAMPERING WITH CONSUMER PROD,1
5,TAMPERING WITH EVIDENCE,2
5,TAMPERING WITH WITNESS,1
5,TERRORISTIC THREAT,64
5,TERRORISTIC THREAT-FAM/DAT VIO,9
5,THEFT,720
5,THEFT BY EMBEZZLEMENT,1
5,THEFT BY SHOPLIFTING,232
5,THEFT FROM AUTO,38
5,THEFT FROM BUILDING,11
5,THEFT FROM PERSON,13
5,THEFT OF AUTO PARTS,10
5,THEFT OF BICYCLE,91
5,THEFT OF HEAVY EQUIPMENT,2
5,THEFT OF LICENSE PLATE,44
5,THEFT OF METAL,5
5,THEFT OF SERVICE,54
5,THEFT OF TRAILER,7
5,TOBACCO VIOL - UNDER AGE 17,1
5,UNLAWFUL CARRYING WEAPON,16
5,UNLAWFUL RESTRAINT,1
5,UNLAWFUL RESTRAINT FAM/DAT VIO,4
5,URINATING IN PUBLIC PLACE,2
5,VIOL CITY ORDINANCE - DOG,5
5,VIOL CITY ORDINANCE - OTHER,38
5,VIOL CITY ORDINANCE - SOUND,1
5,VIOL CITY ORDINANCE - WRECKER,7
5,VIOL OF BOND CONDITIONS,3
5,VIOL OF CAMPING ORDINANCE,1
5,VIOL OF EMERG PROTECTIVE ORDER,21
5,VIOL OF PARK CURFEW,1
5,VIOL OF PROTECTIVE ORDER,43
5,VIOL STATE LAW - OTHER,17
5,VIOL STAY AWAY ORDER,3
5,VIOL TEMP EX PARTE  ORDER,4
5,VOCO - ALCOHOL  CONSUMPTION,18
5,WARRANT ARREST NON TRAFFIC,101
5,WEAPON VIOL - OTHER,4
6,AGG ASLT ENHANC STRANGL/SUFFOC,9
6,AGG ASLT STRANGLE/SUFFOCATE,67
6,AGG ASLT W/MOTOR VEH FAM/DAT V,3
6,AGG ASSAULT,60
6,AGG ASSAULT FAM/DATE VIOLENCE,38
6,AGG ASSAULT ON PUBLIC SERVANT,2
6,AGG ASSAULT WITH MOTOR VEH,2
6,AGG ROBBERY/DEADLY WEAPON,38
6,AIRPORT PLACES WEAPON PROHIBIT,17
6,APPLIC TO REVOKE PROBATION,2
6,ARSON,1
6,ASSAULT BY CONTACT,153
6,ASSAULT BY CONTACT FAM/DATING,77
6,ASSAULT BY THREAT,71
6,ASSAULT BY THREAT FAM/DATING,20
6,ASSAULT ON PUBLIC SERVANT,15
6,ASSAULT W/INJURY-FAM/DATE VIOL,304
6,ASSAULT WITH INJURY,220
6,AUTO THEFT,221
6,BOMB THREAT,3
6,BREACH OF COMPUTER SECURITY,12
6,BURG NON RESIDENCE SHEDS,36
6,BURG OF RES - FAM/DATING ASLT,1
6,BURGLARY NON RESIDENCE,145
6,BURGLARY OF COIN-OP MACHINE,1
6,BURGLARY OF RESIDENCE,182
6,BURGLARY OF VEHICLE,836
6,CHILD CUSTODY INTERFERE,79
6,CHILD ENDANGERMENT- ABANDONMEN,11
6,CIVIL DISTURBANCE/DEMO,2
6,CONTEMPT OF COURT,1
6,COUNTERFEITING,4
6,CRASH/FAIL STOP AND RENDER AID,30
6,CRED CARD ABUSE - EXPIR-CANCEL,1
6,CRED CARD ABUSE - OTHER,75
6,CRED CARD ABUSE BY FORGERY,6
6,CRIMINAL MISCHIEF,433
6,CRIMINAL MISCHIEF BY ARSON,1
6,CRIMINAL TRESPASS,133
6,CRIMINAL TRESPASS/HOTEL,1
6,CRIMINAL TRESPASS/IN VEHICLE,1
6,CRIMINAL TRESPASS/TRANSIENT,11
6,CRUELTY TO ANIMALS,19
6,CUSTODY ARREST TRAFFIC WARR,36
6,DAMAGE CITY PROP,23
6,DAMAGE CITY VEHICLE,20
6,DATING DISTURBANCE,83
6,DEADLY CONDUCT,18
6,DEADLY CONDUCT FAM/DATE VIOL,1
6,DEBIT CARD ABUSE,76
6,DEL CONTROLLED SUB/NARCOTIC,26
6,DEL CONTROLLED SUB/OTHER,2
6,DEL CONTROLLED SUB/SYN NARC,2
6,DEL MARIJUANA,1
6,DEL SYNTHETIC MARIJUANA,4
6,DISPOSAL OF SOLID WASTE,1
6,DISTRIB HARMFUL MATERIAL MINOR,1
6,DISTURBANCE - OTHER,281
6,DOC ABUSE OR THREAT,2
6,DOC ABUSIVE LANGUAGE,2
6,DOC DISCHARGE GUN - PUB PLACE,9
6,DOC DISCHARGE GUN - PUB ROAD,2
6,DOC DISPLAY GUN/DEADLY PUB PLC,1
6,DOC EXPOSURE,7
6,DOC FIGHTING,18
6,DOC OFFENSIVE GESTURE,1
6,DOC UNREASONABLE NOISE,5
6,DOC WINDOW PEEPING-RESIDENCE,5
6,DRIVING WHILE INTOX / FELONY,23
6,DUI - AGE 17 TO 20,3
6,DWI,201
6,DWI  .15 BAC OR ABOVE,30
6,DWI - CHILD PASSENGER,2
6,DWI - DRUG RECOGNITION EXPERT,16
6,DWI 2ND,46
6,EVADING / FOOT,13
6,EVADING / VEHICLE PURSUIT,9
6,EVADING VEHICLE,9
6,EXPLOSIVE ORDNANCE DISPOSAL,4
6,FAILURE TO IDENTIFY,31
6,FALSE ALARM OR REPORT,5
6,FALSE REPORT TO PEACE OFFICER,6
6,FAMILY DISTURBANCE,936
6,FAMILY DISTURBANCE/PARENTAL,48
6,FEDERAL VIOL/OTHER,1
6,FELONY ENHANCEMENT/ASSLT W/INJ,34
6,FORGERY - OTHER,8
6,FORGERY AND PASSING,38
6,FORGERY BY ALTERATION,3
6,FORGERY BY MAKING,1
6,FORGERY- CERTIFICATE OF TITLE,1
6,FRAUD - OTHER,84
6,FRAUD-CARD SKIMMER,10
6,GAMBLING,4
6,GRAFFITI,17
6,HARASSMENT,218
6,HARASSMENT OF A PUBLIC SERVANT,2
6,HARBORING RUNAWAY CHILD,1
6,HINDERING APPREHENSION,1
6,IDENTITY THEFT,79
6,ILLUMIN AIRCRAFT INTENSE LIGHT,2
6,IMPERSONATING PUBLIC SERVANT,1
6,INDECENT EXPOSURE,13
6,INHALANT ABUSE,2
6,INJ TO ELDERLY   FAM/DATE VIOL,3
6,INJURY DISABLED INDIVIDUAL,1
6,INJURY TO CHILD,12
6,INJURY TO CHILD (CARE/CUSTODY),2
6,INJURY TO ELDERLY PERSON,5
6,INTER EMERG PHONECALL FAM/DATE,4
6,INTERFERE W PO SERVICE ANIMALS,2
6,INTERFERENCE PUBLIC DUTIES,2
6,INTERFERING W/EMERG PHONE CALL,2
6,JUSTIFIED HOMICIDE,1
6,KEEPING GAMBLING PLACE,1
6,KIDNAPPING,1
6,LIQUOR LAW VIOLATION/OTHER,2
6,MANSLAUGHTER,2
6,MURDER,3
6,NUISANCE ABATEMENT,2
6,OBSCENE DISPLAY - DISTRIBUTION,1
6,OBTAIN CONTROLLED SUB BY FRAUD,1
6,OFFICIAL OPPRESSION,1
6,ONLINE IMPERSONATION,6
6,ONLINE SOLICITATION OF A MINOR,1
6,PAROLE VIOL,1
6,PIGEON DROP,1
6,POCKET PICKING,14
6,POSS CONTROLLED SUB/NARCOTIC,138
6,POSS CONTROLLED SUB/OTHER,6
6,POSS CONTROLLED SUB/SYN NARC,7
6,POSS DANG DRUG,3
6,POSS MARIJUANA,158
6,POSS OF ALCOHOL - AGE 17 TO 20,1
6,POSS OF ALCOHOL-AGE 16 & UNDER,1
6,POSS OF DRUG PARAPHERNALIA,79
6,POSS OF FIREARM BY FELON,7
6,POSS OF PROHIBITED WEAPON,6
6,POSS SYNTHETIC MARIJUANA,16
6,PROSTITUTION,17
6,PROTECTIVE ORDER,30
6,PROWLER,1
6,PUBLIC INTOXICATION,130
6,PUBLIC LEWDNESS,1
6,PURSE SNATCHING,2
6,RECKLESS DAMAGE,11
6,RENTAL CAR/FAIL TO RETURN,2
6,RESISTING ARREST OR SEARCH,6
6,RETALIATION,4
6,ROBBERY BY ASSAULT,28
6,ROBBERY BY THREAT,4
6,RUNAWAY CHILD,166
6,SECURING EXEC-DOC BY DECEPTION,1
6,SOLICITATION - BEGGING,2
6,STALKING,6
6,SUSPICIOUS PERSON,45
6,TAMPERING WITH EVIDENCE,2
6,TAMPERING WITH GOV RECORD,1
6,TERRORISTIC THREAT,59
6,TERRORISTIC THREAT-FAM/DAT VIO,12
6,THEFT,763
6,THEFT BY CHECK,1
6,THEFT BY EMBEZZLEMENT,1
6,THEFT BY FALSE PRETEXT/BUNCO,2
6,THEFT BY SHOPLIFTING,272
6,THEFT FROM AUTO,34
6,THEFT FROM BUILDING,22
6,THEFT FROM PERSON,25
6,THEFT OF AUTO PARTS,13
6,THEFT OF BICYCLE,127
6,THEFT OF HEAVY EQUIPMENT,1
6,THEFT OF LICENSE PLATE,41
6,THEFT OF METAL,8
6,THEFT OF SERVICE,48
6,THEFT OF TRAILER,11
6,THEFT- APPROPRIATE STOLEN PROP,1
6,UCW LICENSE PREMISE,1
6,UNLAWFUL CARRYING WEAPON,14
6,UNLAWFUL RESTRAINT,3
6,UNLAWFUL RESTRAINT FAM/DAT VIO,4
6,URINATING IN PUBLIC PLACE,1
6,VIOL CITY ORDINANCE - DOG,4
6,VIOL CITY ORDINANCE - OTHER,44
6,VIOL CITY ORDINANCE - SOUND,3
6,VIOL CITY ORDINANCE - WRECKER,2
6,VIOL OF BOND CONDITIONS,4
6,VIOL OF EMERG PROTECTIVE ORDER,17
6,VIOL OF PROTECTIVE ORDER,29
6,VIOL STATE LAW - OTHER,16
6,VOCO - ALCOHOL  CONSUMPTION,1
6,WARRANT ARREST NON TRAFFIC,78
7,ABUSE OF 911,1
7,AGG ASLT ENHANC STRANGL/SUFFOC,5
7,AGG ASLT STRANGLE/SUFFOCATE,62
7,AGG ASLT W/MOTOR VEH FAM/DAT V,6
7,AGG ASSAULT,68
7,AGG ASSAULT FAM/DATE VIOLENCE,35
7,AGG ASSAULT ON PUBLIC SERVANT,1
7,AGG ROBBERY/DEADLY WEAPON,19
7,AIRPORT - BREACH OF SECURITY,1
7,AIRPORT - CRIMINAL TRESPASS,1
7,AIRPORT - FEDERAL VIOL,2
7,AIRPORT PLACES WEAPON PROHIBIT,12
7,ARSON,3
7,ASSAULT BY CONTACT,128
7,ASSAULT BY CONTACT FAM/DATING,80
7,ASSAULT BY THREAT,87
7,ASSAULT BY THREAT FAM/DATING,20
7,ASSAULT ON PUBLIC SERVANT,10
7,ASSAULT W/INJURY-FAM/DATE VIOL,286
7,ASSAULT WITH INJURY,238
7,AUTO THEFT,219
7,BOATING WHILE INTOXICATED,1
7,BREACH OF COMPUTER SECURITY,10
7,BRIBERY,1
7,BURG NON RESIDENCE SHEDS,30
7,BURG OF RES - FAM/DATING ASLT,1
7,BURGLARY NON RESIDENCE,153
7,BURGLARY OF COIN-OP MACHINE,1
7,BURGLARY OF RESIDENCE,204
7,BURGLARY OF VEHICLE,869
7,CHILD CUSTODY INTERFERE,60
7,CHILD ENDANGERMENT- ABANDONMEN,4
7,CIVIL DISTURBANCE/DEMO,2
7,CONTEMPT OF COURT,1
7,COUNTERFEITING,3
7,CRASH/FAIL STOP AND RENDER AID,33
7,CRASH/INTOXICATION ASSAULT,1
7,CRED CARD ABUSE - OTHER,61
7,CRED CARD ABUSE BY FORGERY,17
7,CRIMINAL MISCHIEF,421
7,CRIMINAL SOLICITATION OF MINOR,1
7,CRIMINAL TRESPASS,157
7,CRIMINAL TRESPASS/HOTEL,5
7,CRIMINAL TRESPASS/IN VEHICLE,2
7,CRIMINAL TRESPASS/TRANSIENT,15
7,CRUELTY TO ANIMALS,14
7,CUSTODY ARREST TRAFFIC WARR,40
7,DAMAGE CITY PROP,29
7,DAMAGE CITY VEHICLE,15
7,DANG DRUG VIOL - OTHER,1
7,DATING DISTURBANCE,93
7,DEADLY CONDUCT,17
7,DEADLY CONDUCT FAM/DATE VIOL,1
7,DEBIT CARD ABUSE,61
7,DEL CONTROLLED SUB/NARCOTIC,20
7,DEL CONTROLLED SUB/OTHER,1
7,DEL CONTROLLED SUB/SYN NARC,1
7,DEL MARIJUANA,1
7,DEL SYNTHETIC MARIJUANA,2
7,DISTURBANCE - OTHER,274
7,DOC ABUSE OR THREAT,1
7,DOC ABUSIVE LANGUAGE,1
7,DOC CREATING NOXIOUS ODOR,1
7,DOC DISCHARGE GUN - PUB PLACE,6
7,DOC DISCHARGE GUN - PUB ROAD,3
7,DOC DISPLAY GUN/DEADLY PUB PLC,4
7,DOC EXPOSURE,10
7,DOC FIGHTING,24
7,DOC OFFENSIVE GESTURE,2
7,DOC WINDOW PEEPING - HOTEL,1
7,DOC WINDOW PEEPING-RESIDENCE,6
7,DRIVING WHILE INTOX / FELONY,23
7,DUI - AGE 16 AND UNDER,1
7,DUI - AGE 17 TO 20,1
7,DWI,210
7,DWI  .15 BAC OR ABOVE,23
7,DWI - CHILD PASSENGER,9
7,DWI - DRUG RECOGNITION EXPERT,10
7,DWI 2ND,40
7,EVADING / FOOT,20
7,EVADING / VEHICLE PURSUIT,2
7,EVADING VEHICLE,20
7,EXPLOSIVE ORDNANCE DISPOSAL,5
7,FAILURE TO IDENTIFY,32
7,FALSE ALARM OR REPORT,4
7,FALSE REPORT TO CPS,1
7,FALSE REPORT TO PEACE OFFICER,3
7,FALSE STATEMENT -OBTAIN CREDIT,1
7,FAMILY DISTURBANCE,913
7,FAMILY DISTURBANCE/PARENTAL,42
7,FEDERAL VIOL/OTHER,2
7,FELONY ENHANCEMENT/ASSLT W/INJ,25
7,FORGERY - OTHER,3
7,FORGERY AND PASSING,34
7,FORGERY BY ALTERATION,3
7,FORGERY BY MAKING,1
7,FORGERY- CERTIFICATE OF TITLE,1
7,FRAUD - OTHER,91
7,FRAUD DESTRUCTION OF A WRITING,3
7,FRAUD-CARD SKIMMER,7
7,GAMBLING PROMOTION,2
7,GRAFFITI,13
7,HARASSMENT,243
7,HARASSMENT OF A PUBLIC SERVANT,6
7,HARBORING RUNAWAY CHILD,1
7,HINDERING APPREHENSION,2
7,IDENTITY THEFT,83
7,ILLUMIN AIRCRAFT INTENSE LIGHT,1
7,INDECENT EXPOSURE,17
7,INHALANT ABUSE,1
7,INJ TO ELDERLY   FAM/DATE VIOL,5
7,INJURY DISABLED INDIVIDUAL,5
7,INJURY TO CHILD,12
7,INJURY TO CHILD (CARE/CUSTODY),1
7,INJURY TO ELDERLY PERSON,9
7,INTER EMERG PHONECALL FAM/DATE,6
7,INTERFERENCE PUBLIC DUTIES,3
7,INTERFERING W/EMERG PHONE CALL,3
7,LITTERING,2
7,MANF CONTROLLED SUB - OTHER,2
7,MURDER,2
7,NUISANCE ABATEMENT,3
7,OBTAIN CONTROLLED SUB BY FRAUD,4
7,OBTAIN DANG DRUG BY FRAUD,1
7,OFFICIAL OPPRESSION,2
7,ONLINE IMPERSONATION,3
7,PAROLE VIOL,1
7,PIGEON DROP,1
7,POCKET PICKING,4
7,POSS CONTROLLED SUB/NARCOTIC,141
7,POSS CONTROLLED SUB/OTHER,4
7,POSS CONTROLLED SUB/SYN NARC,4
7,POSS CRIMINAL INSTRUMENT,1
7,POSS DANG DRUG,4
7,POSS MARIJUANA,145
7,POSS OF ALCOHOL - AGE 17 TO 20,1
7,POSS OF DRUG PARAPHERNALIA,79
7,POSS OF FIREARM BY FELON,11
7,POSS OF PROHIBITED WEAPON,2
7,POSS SYNTHETIC MARIJUANA,15
7,POSS/PROMO CHILD PORNOGRAPHY,6
7,PROBATION VIOL,3
7,PROMOTION OF PROSTITUTION,2
7,PROSTITUTION,2
7,PROTECTIVE ORDER,18
7,PUBLIC INTOXICATION,136
7,PUBLIC LEWDNESS,2
7,PURSE SNATCHING,1
7,RECKLESS DAMAGE,9
7,RENTAL CAR/FAIL TO RETURN,6
7,RESISTING ARREST OR SEARCH,8
7,RETALIATION,2
7,ROBBERY BY ASSAULT,26
7,ROBBERY BY THREAT,5
7,RUNAWAY CHILD,157
7,SOLICITATION - BEGGING,2
7,STALKING,12
7,SUSPICIOUS PERSON,54
7,TAKE WEAPON FRM POLICE OFFICER,1
7,TAMPERING WITH EVIDENCE,2
7,TAMPERING WITH GOV RECORD,5
7,TERRORISTIC THREAT,68
7,TERRORISTIC THREAT-FAM/DAT VIO,12
7,TERRORISTIC THREAT-MASS CASLTY,1
7,THEFT,736
7,THEFT BY CHECK,3
7,THEFT BY EMBEZZLEMENT,1
7,THEFT BY EXTORTION,1
7,THEFT BY SHOPLIFTING,248
7,THEFT FROM AUTO,42
7,THEFT FROM BUILDING,27
7,THEFT FROM PERSON,24
7,THEFT OF AUTO PARTS,15
7,THEFT OF BICYCLE,142
7,THEFT OF LICENSE PLATE,38
7,THEFT OF METAL,9
7,THEFT OF SERVICE,55
7,THEFT OF TRAILER,10
7,TRAFFICKING OF PERSONS,2
7,UNLAWFUL CARRY-LIC HOLDER,1
7,UNLAWFUL CARRYING WEAPON,14
7,UNLAWFUL RESTRAINT,1
7,URINATING IN PUBLIC PLACE,2
7,VIOL CITY ORDINANCE - AIRPORT,1
7,VIOL CITY ORDINANCE - DOG,7
7,VIOL CITY ORDINANCE - OTHER,46
7,VIOL CITY ORDINANCE - WRECKER,2
7,VIOL OF BOND CONDITIONS,3
7,VIOL OF EMERG PROTECTIVE ORDER,16
7,VIOL OF PROTECTIVE ORDER,31
7,VIOL STATE LAW - OTHER,15
7,VIOL STAY AWAY ORDER,1
7,VIOL TEMP EX PARTE  ORDER,5
7,VOCO - ALCOHOL  CONSUMPTION,4
7,WARRANT ARREST NON TRAFFIC,89
7,WEAPON VIOL - OTHER,1
8,AGG ASLT ENHANC STRANGL/SUFFOC,3
8,AGG ASLT STRANGLE/SUFFOCATE,54
8,AGG ASSAULT,68
8,AGG ASSAULT FAM/DATE VIOLENCE,24
8,AGG ASSAULT WITH MOTOR VEH,9
8,AGG ROBBERY/DEADLY WEAPON,59
8,AIRPORT - FEDERAL VIOL,2
8,AIRPORT PLACES WEAPON PROHIBIT,4
8,APPLIC TO REVOKE PROBATION,3
8,ARSON,7
8,ASSAULT BY CONTACT,134
8,ASSAULT BY CONTACT FAM/DATING,80
8,ASSAULT BY THREAT,97
8,ASSAULT BY THREAT FAM/DATING,27
8,ASSAULT ON PUBLIC SERVANT,9
8,ASSAULT W/INJURY-FAM/DATE VIOL,307
8,ASSAULT WITH INJURY,218
8,AUTO THEFT,214
8,BOMB THREAT,1
8,BREACH OF COMPUTER SECURITY,10
8,BURG NON RESIDENCE SHEDS,45
8,BURG OF RES - FAM/DATING ASLT,3
8,BURGLARY NON RESIDENCE,116
8,BURGLARY OF COIN-OP MACHINE,7
8,BURGLARY OF RESIDENCE,220
8,BURGLARY OF VEHICLE,940
8,CHILD CUSTODY INTERFERE,86
8,CHILD ENDANGERMENT- ABANDONMEN,5
8,COUNTERFEITING,5
8,CRASH/FAIL STOP AND RENDER AID,48
8,CRASH/INTOX MANSLAUGHTER,1
8,CRASH/INTOXICATION ASSAULT,1
8,CRED CARD ABUSE - OTHER,90
8,CRED CARD ABUSE BY FORGERY,10
8,CRIMES AGAINST ELDERLY,1
8,CRIMINAL CONSPIRACY,1
8,CRIMINAL MISCHIEF,399
8,CRIMINAL TRESPASS,126
8,CRIMINAL TRESPASS/HOTEL,2
8,CRIMINAL TRESPASS/IN VEHICLE,2
8,CRIMINAL TRESPASS/TRANSIENT,16
8,CRUELTY TO ANIMALS,11
8,CUSTODY ARREST TRAFFIC WARR,49
8,DAMAGE CITY PROP,27
8,DAMAGE CITY VEHICLE,13
8,DATING DISTURBANCE,75
8,DEADLY CONDUCT,12
8,DEBIT CARD ABUSE,61
8,DEL CONTROLLED SUB/NARCOTIC,39
8,DEL CONTROLLED SUB/SYN NARC,3
8,DEL MARIJUANA,1
8,DEL SYNTHETIC MARIJUANA,1
8,DISPOSAL OF SOLID WASTE,1
8,DISTURBANCE - OTHER,270
8,DOC ABUSE OR THREAT,1
8,DOC ABUSIVE LANGUAGE,4
8,DOC DISCHARGE GUN - PUB PLACE,4
8,DOC DISCHARGE GUN - PUB ROAD,1
8,DOC DISPLAY GUN/DEADLY PUB PLC,9
8,DOC EXPOSURE,10
8,DOC FIGHTING,20
8,DOC UNREASONABLE NOISE,2
8,DOC WINDOW PEEPING - HOTEL,1
8,DOC WINDOW PEEPING-RESIDENCE,4
8,DRIVING WHILE INTOX / FELONY,24
8,DUI - AGE 17 TO 20,3
8,DWI,183
8,DWI  .15 BAC OR ABOVE,36
8,DWI - CHILD PASSENGER,5
8,DWI - DRUG RECOGNITION EXPERT,14
8,DWI 2ND,32
8,EVADING / FOOT,21
8,EVADING / VEHICLE PURSUIT,10
8,EVADING VEHICLE,23
8,EXPLOITATION OF CHILD/ELDERLY,1
8,EXPLOSIVE ORDNANCE DISPOSAL,1
8,FAILURE TO IDENTIFY,25
8,FALSE ALARM OR REPORT,7
8,FALSE REPORT TO PEACE OFFICER,6
8,FAMILY DISTURBANCE,917
8,FAMILY DISTURBANCE/PARENTAL,39
8,FEDERAL VIOL/OTHER,1
8,FELONY ENHANCEMENT/ASSLT W/INJ,29
8,FORGERY - OTHER,2
8,FORGERY AND PASSING,37
8,FORGERY BY ALTERATION,4
8,FORGERY BY MAKING,2
8,FORGERY OF IDENTIFICATION,1
8,FRAUD - OTHER,100
8,FRAUD DESTRUCTION OF A WRITING,1
8,FRAUD-CARD SKIMMER,11
8,GRAFFITI,21
8,HARASSMENT,246
8,HARASSMENT OF A PUBLIC SERVANT,7
8,IDENTITY THEFT,93
8,ILLUMIN AIRCRAFT INTENSE LIGHT,1
8,IMPERSONATING PUBLIC SERVANT,1
8,INDECENT EXPOSURE,23
8,INHALANT ABUSE,2
8,INJ TO ELDERLY   FAM/DATE VIOL,3
8,INJURY DISABLED INDIVIDUAL,3
8,INJURY TO CHILD,7
8,INJURY TO ELDERLY PERSON,2
8,INTER EMERG PHONECALL FAM/DATE,5
8,INTERFERENCE PUBLIC DUTIES,1
8,INTERFERING W/EMERG PHONE CALL,2
8,JUSTIFIED HOMICIDE,1
8,KIDNAPPING,1
8,LIQUOR LAW VIOLATION/OTHER,7
8,MISAPPLY FIDUCIARY PROP,1
8,MISREP AGE BY MINOR,1
8,MONEY LAUNDERING,2
8,MURDER,1
8,NUISANCE ABATEMENT,2
8,OBSCENITY,1
8,OBTAIN CONTROLLED SUB BY FRAUD,4
8,OBTAIN DANG DRUG BY FRAUD,2
8,OFFICIAL OPPRESSION,1
8,ONLINE IMPERSONATION,9
8,ONLINE SOLICITATION OF A MINOR,3
8,POCKET PICKING,1
8,POSS CONTROLLED SUB/NARCOTIC,176
8,POSS CONTROLLED SUB/OTHER,1
8,POSS CONTROLLED SUB/SYN NARC,8
8,POSS MARIJUANA,139
8,POSS OF ALCOHOL - AGE 17 TO 20,1
8,POSS OF DRUG PARAPHERNALIA,81
8,POSS OF FIREARM BY FELON,8
8,POSS OF PROHIBITED WEAPON,5
8,POSS SYNTHETIC MARIJUANA,11
8,POSS/PROMO CHILD PORNOGRAPHY,5
8,PRACTICE MEDICINE W/OUT LICENS,1
8,PROBATION VIOL,2
8,PROSTITUTION,4
8,PROTECTIVE ORDER,28
8,PUBLIC INTOXICATION,116
8,PUBLIC LEWDNESS,4
8,RECKLESS CONDUCT,1
8,RECKLESS DAMAGE,9
8,RENTAL CAR/FAIL TO RETURN,4
8,RESISTING ARREST OR SEARCH,4
8,RETALIATION,1
8,ROBBERY BY ASSAULT,23
8,ROBBERY BY THREAT,6
8,RUNAWAY CHILD,134
8,SIT AND LIE ORDINANCE VIOL,1
8,SOLICITATION - BEGGING,1
8,STALKING,5
8,SUSPICIOUS PERSON,69
8,TAKE WEAPON FRM POLICE OFFICER,2
8,TAMPERING WITH EVIDENCE,2
8,TAMPERING WITH GOV RECORD,1
8,TERRORISTIC THREAT,55
8,TERRORISTIC THREAT-FAM/DAT VIO,17
8,THEFT,793
8,THEFT BY CHECK,2
8,THEFT BY SHOPLIFTING,240
8,THEFT FROM AUTO,54
8,THEFT FROM BUILDING,15
8,THEFT FROM PERSON,26
8,THEFT OF AUTO PARTS,27
8,THEFT OF BICYCLE,150
8,THEFT OF HEAVY EQUIPMENT,1
8,THEFT OF LICENSE PLATE,38
8,THEFT OF METAL,6
8,THEFT OF SERVICE,56
8,THEFT OF TRAILER,19
8,UNAUTHORIZED USE VEH-EXPIRED,1
8,UNLAWFUL CARRYING WEAPON,20
8,UNLAWFUL RESTRAINT,2
8,UNLAWFUL RESTRAINT FAM/DAT VIO,1
8,URINATING IN PUBLIC PLACE,1
8,VIOL CITY ORDINANCE -  GAME RM,1
8,VIOL CITY ORDINANCE - DOG,5
8,VIOL CITY ORDINANCE - OTHER,30
8,VIOL CITY ORDINANCE - WRECKER,3
8,VIOL OF BOND CONDITIONS,1
8,VIOL OF CAMPING ORDINANCE,1
8,VIOL OF EMERG PROTECTIVE ORDER,17
8,VIOL OF PARK CURFEW,1
8,VIOL OF PROTECTIVE ORDER,39
8,VIOL STATE LAW - OTHER,14
8,VIOL STAY AWAY ORDER,1
8,VIOL TEMP EX PARTE  ORDER,1
8,VOCO - ALCOHOL  CONSUMPTION,3
8,WARRANT ARREST NON TRAFFIC,67
9,ABUSE OF 911,2
9,AGG ASLT ENHANC STRANGL/SUFFOC,3
9,AGG ASLT STRANGLE/SUFFOCATE,44
9,AGG ASLT W/MOTOR VEH FAM/DAT V,2
9,AGG ASSAULT,67
9,AGG ASSAULT FAM/DATE VIOLENCE,32
9,AGG ASSAULT ON PUBLIC SERVANT,3
9,AGG ASSAULT WITH MOTOR VEH,4
9,AGG ROBBERY BY ASSAULT,1
9,AGG ROBBERY/DEADLY WEAPON,58
9,AIRPORT - FEDERAL VIOL,1
9,AIRPORT PLACES WEAPON PROHIBIT,7
9,ARSON,2
9,ASSAULT - SCHOOL PERSONNEL,1
9,ASSAULT BY CONTACT,159
9,ASSAULT BY CONTACT FAM/DATING,73
9,ASSAULT BY THREAT,81
9,ASSAULT BY THREAT FAM/DATING,17
9,ASSAULT ON PUBLIC SERVANT,15
9,ASSAULT W/INJURY-FAM/DATE VIOL,291
9,ASSAULT WITH INJURY,181
9,AUTO THEFT,226
9,BOMB THREAT,2
9,BREACH OF COMPUTER SECURITY,11
9,BURG NON RESIDENCE SHEDS,30
9,BURG OF RES - FAM/DATING ASLT,3
9,BURGLARY NON RESIDENCE,150
9,BURGLARY OF COIN-OP MACHINE,9
9,BURGLARY OF RESIDENCE,186
9,BURGLARY OF VEHICLE,996
9,CHILD CUSTODY INTERFERE,65
9,CHILD ENDANGERMENT- ABANDONMEN,9
9,CIVIL DISTURBANCE/DEMO,3
9,COUNTERFEITING,2
9,CRASH/FAIL STOP AND RENDER AID,59
9,CRED CARD ABUSE - OTHER,72
9,CRED CARD ABUSE BY FORGERY,9
9,CRIMINAL MISCHIEF,378
9,CRIMINAL TRESPASS,121
9,CRIMINAL TRESPASS/HOTEL,5
9,CRIMINAL TRESPASS/IN VEHICLE,1
9,CRIMINAL TRESPASS/TRANSIENT,12
9,CRUELTY TO ANIMALS,15
9,CUSTODY ARREST TRAFFIC WARR,40
9,DAMAGE CITY PROP,19
9,DAMAGE CITY VEHICLE,9
9,DATING DISTURBANCE,86
9,DEADLY CONDUCT,16
9,DEADLY CONDUCT FAM/DATE VIOL,1
9,DEBIT CARD ABUSE,70
9,DEL CONTROLLED SUB/NARCOTIC,22
9,DEL SYNTHETIC MARIJUANA,5
9,DISPOSAL OF SOLID WASTE,1
9,DISTURBANCE - OTHER,264
9,DOC ABUSE OR THREAT,1
9,DOC ABUSIVE LANGUAGE,1
9,DOC DISCHARGE GUN - PUB PLACE,10
9,DOC DISCHARGE GUN - PUB ROAD,5
9,DOC DISPLAY GUN/DEADLY PUB PLC,5
9,DOC EXPOSURE,11
9,DOC FIGHTING,23
9,DOC OFFENSIVE GESTURE,2
9,DOC UNREASONABLE NOISE,2
9,DOC WINDOW PEEPING-RESIDENCE,9
9,DRIVING WHILE INTOX / FELONY,18
9,DUI - AGE 17 TO 20,1
9,DWI,204
9,DWI  .15 BAC OR ABOVE,40
9,DWI - CHILD PASSENGER,1
9,DWI - DRUG RECOGNITION EXPERT,9
9,DWI 2ND,32
9,EVADING / FOOT,18
9,EVADING / VEHICLE PURSUIT,6
9,EVADING VEHICLE,13
9,EXPLOSIVE ORDNANCE DISPOSAL,4
9,FAILURE TO IDENTIFY,18
9,FALSE ALARM OR REPORT,5
9,FALSE REPORT TO PEACE OFFICER,4
9,FAMILY DISTURBANCE,883
9,FAMILY DISTURBANCE/PARENTAL,52
9,FEDERAL VIOL/OTHER,5
9,FELONY ENHANCEMENT/ASSLT W/INJ,20
9,FORGERY - OTHER,4
9,FORGERY AND PASSING,30
9,FORGERY BY MAKING,5
9,FORGERY- CERTIFICATE OF TITLE,1
9,FRAUD - OTHER,107
9,FRAUD FILING FINANCE STATEMENT,1
9,FRAUD-CARD SKIMMER,10
9,GRAFFITI,22
9,HARASSMENT,173
9,HARASSMENT OF A PUBLIC SERVANT,8
9,HINDER SECURED CREDITORS,1
9,IDENTITY THEFT,75
9,INDECENT EXPOSURE,10
9,INHALANT ABUSE,1
9,INJ TO ELDERLY   FAM/DATE VIOL,2
9,INJ/CHILD FV (NO CARE/CUSTODY),1
9,INJURY DISABLED INDIVIDUAL,2
9,INJURY TO CHILD,13
9,INJURY TO ELDERLY PERSON,4
9,INTER EMERG PHONECALL FAM/DATE,2
9,INTERFERE W PO SERVICE ANIMALS,2
9,ISSUANCE OF BAD CHECK,1
9,KIDNAPPING,1
9,LIQUOR LAW VIOLATION/OTHER,7
9,LITTERING,1
9,MISAPPLY FIDUCIARY PROP,1
9,MISREP AGE BY MINOR,2
9,MISUSE OF OFFICIAL INFO,1
9,MONEY LAUNDERING,4
9,MURDER,6
9,NUISANCE ABATEMENT,3
9,OBSCENE DISPLAY - DISTRIBUTION,1
9,OBTAIN CONTROLLED SUB BY FRAUD,3
9,OBTAIN DANG DRUG BY FRAUD,1
9,ONLINE IMPERSONATION,7
9,ONLINE SOLICITATION OF A MINOR,5
9,PAROLE VIOL,2
9,PIGEON DROP,1
9,POSS CONTROLLED SUB/NARCOTIC,144
9,POSS CONTROLLED SUB/OTHER,6
9,POSS CONTROLLED SUB/SYN NARC,2
9,POSS DANG DRUG,1
9,POSS MARIJUANA,132
9,POSS OF ALCOHOL-AGE 16 & UNDER,2
9,POSS OF DRUG PARAPHERNALIA,61
9,POSS OF FIREARM BY FELON,9
9,POSS OF PROHIBITED WEAPON,2
9,POSS SYNTHETIC MARIJUANA,13
9,POSS/PROMO CHILD PORNOGRAPHY,1
9,PROBATION VIOL,1
9,PROSTITUTION,34
9,PROTECTIVE ORDER,14
9,PROWLER,1
9,PUBLIC INTOX-SOBERING CENTER,1
9,PUBLIC INTOXICATION,119
9,PUBLIC LEWDNESS,3
9,PURCHASING PROSTITUTION,1
9,RECKLESS DAMAGE,4
9,RENTAL CAR/FAIL TO RETURN,5
9,RESISTING ARREST OR SEARCH,7
9,RETALIATION,5
9,ROBBERY BY ASSAULT,27
9,ROBBERY BY THREAT,1
9,RUNAWAY CHILD,152
9,SOLICITATION - BEGGING,2
9,STALKING,4
9,SUSPICIOUS PERSON,67
9,TAKE WEAPON FRM POLICE OFFICER,1
9,TAMPERING WITH CONSUMER PROD,2
9,TAMPERING WITH EVIDENCE,2
9,TERRORISTIC THREAT,58
9,TERRORISTIC THREAT-FAM/DAT VIO,9
9,TERRORISTIC THREAT-MASS CASLTY,6
9,THEFT,759
9,THEFT BY CHECK,1
9,THEFT BY EMBEZZLEMENT,2
9,THEFT BY EXTORTION,1
9,THEFT BY FALSE PRETEXT/BUNCO,1
9,THEFT BY SHOPLIFTING,231
9,THEFT FROM AUTO,49
9,THEFT FROM BUILDING,22
9,THEFT FROM PERSON,37
9,THEFT OF AUTO PARTS,12
9,THEFT OF BICYCLE,131
9,THEFT OF LICENSE PLATE,61
9,THEFT OF METAL,6
9,THEFT OF SERVICE,42
9,THEFT OF TRAILER,11
9,UNLAWFUL CARRY-LIC HOLDER,4
9,UNLAWFUL CARRYING WEAPON,15
9,URINATING IN PUBLIC PLACE,1
9,VIOL CITY ORDINANCE -  GAME RM,1
9,VIOL CITY ORDINANCE - DOG,3
9,VIOL CITY ORDINANCE - OTHER,36
9,VIOL CITY ORDINANCE - TITLE 10,1
9,VIOL CITY ORDINANCE - WRECKER,1
9,VIOL OF BOND CONDITIONS,2
9,VIOL OF EMERG PROTECTIVE ORDER,11
9,VIOL OF PROTECTIVE ORDER,27
9,VIOL STATE LAW - OTHER,9
9,VOCO - ALCOHOL  CONSUMPTION,4
9,VOCO SOLICITATION PROHIBIT,1
9,WARRANT ARREST NON TRAFFIC,91
9,WEAPON VIOL - OTHER,1
10,ABUSE OF 911,4
10,AGG ASLT ENHANC STRANGL/SUFFOC,6
10,AGG ASLT STRANGLE/SUFFOCATE,44
10,AGG ASLT W/MOTOR VEH FAM/DAT V,3
10,AGG ASSAULT,63
10,AGG ASSAULT FAM/DATE VIOLENCE,27
10,AGG ASSAULT WITH MOTOR VEH,3
10,AGG ROBBERY BY ASSAULT,2
10,AGG ROBBERY/DEADLY WEAPON,51
10,AIRPORT - FEDERAL VIOL,1
10,AIRPORT PLACES WEAPON PROHIBIT,13
10,APPLIC TO REVOKE PROBATION,2
10,ARSON,2
10,ASSAULT BY CONTACT,145
10,ASSAULT BY CONTACT FAM/DATING,75
10,ASSAULT BY THREAT,73
10,ASSAULT BY THREAT FAM/DATING,21
10,ASSAULT ON PUBLIC SERVANT,12
10,ASSAULT W/INJURY-FAM/DATE VIOL,254
10,ASSAULT WITH INJURY,199
10,AUTO THEFT,215
10,BOMB THREAT,2
10,BREACH OF COMPUTER SECURITY,15
10,BURG NON RESIDENCE SHEDS,22
10,BURG OF RES - FAM/DATING ASLT,2
10,BURGLARY NON RESIDENCE,126
10,BURGLARY OF COIN-OP MACHINE,1
10,BURGLARY OF RESIDENCE,203
10,BURGLARY OF VEHICLE,1175
10,CHILD CUSTODY INTERFERE,39
10,CHILD ENDANGERMENT- ABANDONMEN,4
10,CIVIL DISTURBANCE/DEMO,1
10,CONTEMPT OF COURT,1
10,COUNTERFEITING,10
10,CRASH/FAIL STOP AND RENDER AID,61
10,CRASH/INTOXICATION ASSAULT,3
10,CRED CARD ABUSE - OTHER,76
10,CRED CARD ABUSE BY FORGERY,7
10,CRIMES AGAINST ELDERLY,1
10,CRIMINAL MISCHIEF,347
10,CRIMINAL SOLICITATION,1
10,CRIMINAL TRESPASS,142
10,CRIMINAL TRESPASS/HOTEL,5
10,CRIMINAL TRESPASS/IN VEHICLE,2
10,CRIMINAL TRESPASS/TRANSIENT,14
10,CRUELTY TO ANIMALS,16
10,CUSTODY ARREST TRAFFIC WARR,38
10,DAMAGE CITY PROP,15
10,DAMAGE CITY VEHICLE,10
10,DATING DISTURBANCE,84
10,DEADLY CONDUCT,11
10,DEBIT CARD ABUSE,70
10,DEL CONTROLLED SUB/NARCOTIC,11
10,DEL CONTROLLED SUB/SYN NARC,1
10,DEL OF ALCOHOL TO MINOR,1
10,DEL SYNTHETIC MARIJUANA,2
10,DISPOSAL OF SOLID WASTE,1
10,DISRUPTIVE ACTS AT SCHOOLS,1
10,DISTRIB HARMFUL MATERIAL MINOR,2
10,DISTURBANCE - OTHER,265
10,DOC ABUSIVE LANGUAGE,4
10,DOC DISCHARGE GUN - PUB PLACE,4
10,DOC DISCHARGE GUN - PUB ROAD,1
10,DOC DISPLAY GUN/DEADLY PUB PLC,8
10,DOC EXPOSURE,6
10,DOC FIGHTING,14
10,DOC OFFENSIVE GESTURE,1
10,DOC UNREASONABLE NOISE,2
10,DOC WINDOW PEEPING-RESIDENCE,7
10,DRIVING WHILE INTOX / FELONY,23
10,DUI - AGE 17 TO 20,5
10,DWI,250
10,DWI  .15 BAC OR ABOVE,39
10,DWI - CHILD PASSENGER,2
10,DWI - DRUG RECOGNITION EXPERT,7
10,DWI 2ND,33
10,ESCAPE FROM CUSTODY,1
10,EVADING / FOOT,9
10,EVADING / VEHICLE PURSUIT,8
10,EVADING VEHICLE,14
10,EXPLOITATION OF CHILD/ELDERLY,1
10,EXPLOSIVE ORDNANCE DISPOSAL,1
10,FAILURE TO IDENTIFY,29
10,FALSE ALARM OR REPORT,7
10,FALSE REPORT TO PEACE OFFICER,3
10,FAMILY DISTURBANCE,808
10,FAMILY DISTURBANCE/PARENTAL,37
10,FEDERAL VIOL/OTHER,4
10,FELONY ENHANCEMENT/ASSLT W/INJ,25
10,FORGERY - OTHER,7
10,FORGERY AND PASSING,42
10,FORGERY BY ALTERATION,1
10,FORGERY BY MAKING,2
10,FRAUD - OTHER,116
10,FRAUD DESTRUCTION OF A WRITING,1
10,FRAUD-CARD SKIMMER,9
10,GAMBLING,1
10,GRAFFITI,23
10,HARASSMENT,196
10,HARASSMENT OF A PUBLIC SERVANT,3
10,HINDER SECURED CREDITORS,1
10,HINDERING APPREHENSION,1
10,IDENTITY THEFT,80
10,IMPERSONATING PUBLIC SERVANT,2
10,INDECENT EXPOSURE,8
10,INJ TO ELDERLY   FAM/DATE VIOL,5
10,INJURY DISABLED INDIVIDUAL,3
10,INJURY TO CHILD,10
10,INJURY TO ELDERLY PERSON,5
10,INTER EMERG PHONECALL FAM/DATE,1
10,INTERFERE W PO SERVICE ANIMALS,1
10,INTERFERENCE PUBLIC DUTIES,2
10,INTERFERING W/EMERG PHONE CALL,1
10,KIDNAPPING,1
10,KIDNAPPING FAM VIO,1
10,LIQUOR LAW VIOLATION/OTHER,7
10,MANF CONTROLLED SUB - OTHER,1
10,MISREP AGE BY MINOR,1
10,MURDER,1
10,NUISANCE ABATEMENT,2
10,OBTAIN CONTROLLED SUB BY FRAUD,6
10,ONLINE IMPERSONATION,6
10,ONLINE SOLICITATION OF A MINOR,1
10,PAROLE VIOL,4
10,POCKET PICKING,7
10,POSS CONTROLLED SUB/NARCOTIC,167
10,POSS CONTROLLED SUB/OTHER,7
10,POSS CONTROLLED SUB/SYN NARC,8
10,POSS CRIMINAL INSTRUMENT,1
10,POSS DANG DRUG,4
10,POSS MARIJUANA,156
10,POSS OF DRUG PARAPHERNALIA,82
10,POSS OF FIREARM BY FELON,6
10,POSS OF PROHIBITED WEAPON,3
10,POSS SYNTHETIC MARIJUANA,8
10,POSS/PROMO CHILD PORNOGRAPHY,4
10,PROSTITUTION,1
10,PROTECTIVE ORDER,18
10,PUBLIC INTOX-SOBERING CENTER,5
10,PUBLIC INTOXICATION,116
10,PURSE SNATCHING,2
10,RECKLESS DAMAGE,2
10,RENTAL CAR/FAIL TO RETURN,2
10,RESISTING ARREST OR SEARCH,8
10,RETALIATION,2
10,ROBBERY BY ASSAULT,23
10,ROBBERY BY THREAT,6
10,RUNAWAY CHILD,129
10,SOLICITATION - BEGGING,1
10,STALKING,2
10,SUSPICIOUS PERSON,67
10,TAKE WEAPON FRM POLICE OFFICER,2
10,TAMPERING WITH GOV RECORD,1
10,TERRORISTIC THREAT,54
10,TERRORISTIC THREAT-FAM/DAT VIO,6
10,TERRORISTIC THREAT-MASS CASLTY,1
10,THEFT,838
10,THEFT BY CHECK,2
10,THEFT BY EXTORTION,1
10,THEFT BY FALSE PRETEXT/BUNCO,3
10,THEFT BY SHOPLIFTING,240
10,THEFT FROM AUTO,49
10,THEFT FROM BUILDING,24
10,THEFT FROM PERSON,179
10,THEFT OF AUTO PARTS,20
10,THEFT OF BICYCLE,127
10,THEFT OF HEAVY EQUIPMENT,4
10,THEFT OF LICENSE PLATE,51
10,THEFT OF METAL,5
10,THEFT OF SERVICE,28
10,THEFT OF TRAILER,12
10,THEFT- APPROPRIATE STOLEN PROP,3
10,TRAFFICKING OF PERSONS,1
10,UCW LICENSE PREMISE,1
10,UNLAWFUL CARRY-LIC HOLDER,1
10,UNLAWFUL CARRYING WEAPON,16
10,UNLAWFUL RESTRAINT,1
10,UNLAWFUL RESTRAINT FAM/DAT VIO,2
10,VIOL CITY ORDINANCE - CURFEW,1
10,VIOL CITY ORDINANCE - DOG,4
10,VIOL CITY ORDINANCE - OTHER,35
10,VIOL CITY ORDINANCE - WRECKER,1
10,VIOL OF BOND CONDITIONS,1
10,VIOL OF CAMPING ORDINANCE,1
10,VIOL OF EMERG PROTECTIVE ORDER,10
10,VIOL OF PROTECTIVE ORDER,35
10,VIOL STATE LAW - OTHER,11
10,VIOL STAY AWAY ORDER,3
10,VIOL TEMP EX PARTE  ORDER,3
10,VOCO - ALCOHOL  CONSUMPTION,3
10,WARRANT ARREST NON TRAFFIC,89
11,ABUSE OF 911,1
11,AGG ASLT ENHANC STRANGL/SUFFOC,3
11,AGG ASLT STRANGLE/SUFFOCATE,49
11,AGG ASLT W/MOTOR VEH FAM/DAT V,4
11,AGG ASSAULT,47
11,AGG ASSAULT FAM/DATE VIOLENCE,18
11,AGG ASSAULT ON PUBLIC SERVANT,1
11,AGG ASSAULT WITH MOTOR VEH,3
11,AGG ROBBERY/DEADLY WEAPON,46
11,AIRPORT PLACES WEAPON PROHIBIT,9
11,APPLIC TO REVOKE PROBATION,3
11,ARSON,2
11,ASSAULT BY CONTACT,124
11,ASSAULT BY CONTACT FAM/DATING,62
11,ASSAULT BY THREAT,79
11,ASSAULT BY THREAT FAM/DATING,16
11,ASSAULT ON PUBLIC SERVANT,7
11,ASSAULT W/INJURY-FAM/DATE VIOL,267
11,ASSAULT WITH INJURY,191
11,AUTO THEFT,196
11,BOMB THREAT,1
11,BREACH OF COMPUTER SECURITY,12
11,BURG NON RESIDENCE SHEDS,31
11,BURG OF RES - FAM/DATING ASLT,1
11,BURGLARY NON RESIDENCE,155
11,BURGLARY OF RESIDENCE,206
11,BURGLARY OF VEHICLE,1038
11,CAPITAL MURDER,1
11,CHILD CUSTODY INTERFERE,70
11,CHILD ENDANGERMENT- ABANDONMEN,3
11,CIVIL DISTURBANCE/DEMO,1
11,COUNTERFEITING,18
11,CRASH/FAIL STOP AND RENDER AID,59
11,CRASH/INTOXICATION ASSAULT,2
11,CRED CARD ABUSE - OTHER,57
11,CRED CARD ABUSE BY FORGERY,10
11,CRIMINAL MISCHIEF,388
11,CRIMINAL MISCHIEF BY ARSON,3
11,CRIMINAL TRESPASS,141
11,CRIMINAL TRESPASS/HOTEL,3
11,CRIMINAL TRESPASS/IN VEHICLE,3
11,CRIMINAL TRESPASS/TRANSIENT,9
11,CRUELTY TO ANIMALS,11
11,CUSTODY ARREST TRAFFIC WARR,37
11,DAMAGE CITY PROP,12
11,DAMAGE CITY VEHICLE,5
11,DATING DISTURBANCE,73
11,DEADLY CONDUCT,10
11,DEBIT CARD ABUSE,77
11,DEL CONTROLLED SUB/NARCOTIC,15
11,DEL CONTROLLED SUB/SYN NARC,1
11,DEL MARIJUANA,2
11,DEL SYNTHETIC MARIJUANA,3
11,DISTRIB HARMFUL MATERIAL MINOR,3
11,DISTURBANCE - OTHER,263
11,DOC ABUSE OR THREAT,3
11,DOC ABUSIVE LANGUAGE,1
11,DOC DISCHARGE GUN - PUB PLACE,6
11,DOC DISCHARGE GUN - PUB ROAD,2
11,DOC DISPLAY GUN/DEADLY PUB PLC,4
11,DOC EXPOSURE,7
11,DOC FIGHTING,26
11,DOC OFFENSIVE GESTURE,1
11,DOC UNREASONABLE NOISE,1
11,DOC WINDOW PEEPING-RESIDENCE,2
11,DRIVING WHILE INTOX / FELONY,28
11,DUI - AGE 17 TO 20,4
11,DWI,237
11,DWI  .15 BAC OR ABOVE,37
11,DWI - CHILD PASSENGER,3
11,DWI - DRUG RECOGNITION EXPERT,12
11,DWI 2ND,58
11,ESCAPE FROM CUSTODY,1
11,EVADING / FOOT,14
11,EVADING / VEHICLE PURSUIT,8
11,EVADING VEHICLE,18
11,EXPLOSIVE ORDNANCE DISPOSAL,6
11,FAILURE TO IDENTIFY,24
11,FALSE ALARM OR REPORT,2
11,FALSE REPORT TO PEACE OFFICER,6
11,FALSE STATEMENT -OBTAIN CREDIT,1
11,FAMILY DISTURBANCE,838
11,FAMILY DISTURBANCE/PARENTAL,50
11,FEDERAL VIOL/OTHER,3
11,FELONY ENHANCEMENT/ASSLT W/INJ,15
11,FORGERY - OTHER,2
11,FORGERY AND PASSING,40
11,FORGERY BY ALTERATION,1
11,FORGERY BY MAKING,2
11,FRAUD - OTHER,89
11,FRAUD DESTRUCTION OF A WRITING,2
11,FRAUD-CARD SKIMMER,3
11,GAMBLING,4
11,GRAFFITI,24
11,HARASSMENT,187
11,IDENTITY THEFT,68
11,IDENTITY THEFT-TAX RETURNS,1
11,IMPERSONATING PUBLIC SERVANT,1
11,INDECENT EXPOSURE,14
11,INHALANT ABUSE,1
11,INJ TO DISABLED  FAM/DATE VIOL,1
11,INJ TO ELDERLY   FAM/DATE VIOL,6
11,INJ/CHILD FV (NO CARE/CUSTODY),2
11,INJURY TO CHILD,8
11,INJURY TO ELDERLY PERSON,6
11,INTER EMERG PHONECALL FAM/DATE,2
11,INTERFERENCE PUBLIC DUTIES,4
11,KEEPING GAMBLING PLACE,1
11,KIDNAPPING,1
11,LIQUOR LAW VIOLATION/OTHER,13
11,LITTERING,1
11,MISAPPLY FIDUCIARY PROP,2
11,MISREP AGE BY MINOR,2
11,MONEY LAUNDERING,1
11,MURDER,2
11,NUISANCE ABATEMENT,1
11,OBTAIN CONTROLLED SUB BY FRAUD,1
11,ONLINE IMPERSONATION,10
11,ONLINE SOLICITATION OF A MINOR,3
11,PAROLE VIOL,2
11,POSS CONTROLLED SUB/NARCOTIC,135
11,POSS CONTROLLED SUB/OTHER,4
11,POSS CONTROLLED SUB/SYN NARC,5
11,POSS DANG DRUG,3
11,POSS MARIJUANA,154
11,POSS OF ALCOHOL-AGE 16 & UNDER,2
11,POSS OF DRUG PARAPHERNALIA,67
11,POSS OF FIREARM BY FELON,8
11,POSS OF PROHIBITED WEAPON,1
11,POSS SYNTHETIC MARIJUANA,3
11,POSS/PROMO CHILD PORNOGRAPHY,3
11,POSSESSION OF FORGED WRITING,2
11,PROSTITUTION,3
11,PROTECTIVE ORDER,15
11,PUBLIC INTOX-SOBERING CENTER,4
11,PUBLIC INTOXICATION,96
11,PUBLIC LEWDNESS,1
11,PURSE SNATCHING,1
11,RECKLESS DAMAGE,9
11,RENTAL CAR/FAIL TO RETURN,3
11,RESISTING ARREST OR SEARCH,13
11,RETALIATION,3
11,ROBBERY BY ASSAULT,30
11,ROBBERY BY THREAT,7
11,RUNAWAY CHILD,148
11,SIT AND LIE ORDINANCE VIOL,1
11,SOLICITATION - BEGGING,3
11,STALKING,6
11,SUSPICIOUS PERSON,70
11,TAMPERING WITH EVIDENCE,1
11,TERRORISTIC THREAT,52
11,TERRORISTIC THREAT-FAM/DAT VIO,9
11,TERRORISTIC THREAT-MASS CASLTY,1
11,THEFT,779
11,THEFT BY CHECK,1
11,THEFT BY EXTORTION,1
11,THEFT BY SHOPLIFTING,238
11,THEFT FROM AUTO,37
11,THEFT FROM BUILDING,21
11,THEFT FROM PERSON,26
11,THEFT OF AUTO PARTS,20
11,THEFT OF BICYCLE,86
11,THEFT OF HEAVY EQUIPMENT,2
11,THEFT OF LICENSE PLATE,41
11,THEFT OF METAL,2
11,THEFT OF SERVICE,33
11,THEFT OF TRAILER,16
11,TRUANCY,1
11,UNLAWFUL CARRYING WEAPON,19
11,UNLAWFUL RESTRAINT,2
11,UNLAWFUL RESTRAINT FAM/DAT VIO,3
11,URINATING IN PUBLIC PLACE,1
11,VIOL CITY ORDINANCE -  GAME RM,1
11,VIOL CITY ORDINANCE - AIRPORT,1
11,VIOL CITY ORDINANCE - DOG,3
11,VIOL CITY ORDINANCE - OTHER,38
11,VIOL CITY ORDINANCE - WRECKER,2
11,VIOL OF CAMPING ORDINANCE,1
11,VIOL OF EMERG PROTECTIVE ORDER,13
11,VIOL OF PROTECTIVE ORDER,23
11,VIOL STATE LAW - OTHER,13
11,VIOL TEMP EX PARTE  ORDER,3
11,VOCO - ALCOHOL  CONSUMPTION,4
11,WARRANT ARREST NON TRAFFIC,76
11,WEAPON VIOL - OTHER,1
12,AGG ASLT ENHANC STRANGL/SUFFOC,5
12,AGG ASLT STRANGLE/SUFFOCATE,39
12,AGG ASLT W/MOTOR VEH FAM/DAT V,3
12,AGG ASSAULT,46
12,AGG ASSAULT FAM/DATE VIOLENCE,22
12,AGG ASSAULT ON PUBLIC SERVANT,2
12,AGG ASSAULT WITH MOTOR VEH,7
12,AGG ROBBERY BY ASSAULT,6
12,AGG ROBBERY/DEADLY WEAPON,58
12,AIRPORT - BREACH OF SECURITY,1
12,AIRPORT - FEDERAL VIOL,1
12,AIRPORT PLACES WEAPON PROHIBIT,8
12,APPLIC TO REVOKE PROBATION,1
12,ARSON,4
12,ASSAULT BY CONTACT,139
12,ASSAULT BY CONTACT FAM/DATING,54
12,ASSAULT BY THREAT,83
12,ASSAULT BY THREAT FAM/DATING,24
12,ASSAULT ON PEACE OFFICER,2
12,ASSAULT ON PUBLIC SERVANT,15
12,ASSAULT W/INJURY-FAM/DATE VIOL,274
12,ASSAULT WITH INJURY,169
12,AUTO THEFT,188
12,BOMB THREAT,19
12,BREACH OF COMPUTER SECURITY,5
12,BURG NON RESIDENCE SHEDS,21
12,BURG OF RES - FAM/DATING ASLT,5
12,BURGLARY NON RESIDENCE,114
12,BURGLARY OF COIN-OP MACHINE,5
12,BURGLARY OF RESIDENCE,184
12,BURGLARY OF VEHICLE,1016
12,CHILD CUSTODY INTERFERE,82
12,CHILD ENDANGERMENT- ABANDONMEN,8
12,CIVIL DISTURBANCE/DEMO,2
12,CONTEMPT OF COURT,1
12,COUNTERFEITING,9
12,CRASH/FAIL STOP AND RENDER AID,49
12,CRASH/INTOX MANSLAUGHTER,1
12,CRASH/INTOXICATION ASSAULT,1
12,CRED CARD ABUSE - OTHER,51
12,CRED CARD ABUSE BY FORGERY,1
12,CRIMINAL MISCHIEF,390
12,CRIMINAL MISCHIEF BY ARSON,4
12,CRIMINAL TRESPASS,155
12,CRIMINAL TRESPASS/HOTEL,9
12,CRIMINAL TRESPASS/IN VEHICLE,4
12,CRIMINAL TRESPASS/TRANSIENT,12
12,CRUELTY TO ANIMALS,8
12,CUSTODY ARREST TRAFFIC WARR,41
12,DAMAGE CITY PROP,21
12,DAMAGE CITY VEHICLE,14
12,DATING DISTURBANCE,75
12,DEADLY CONDUCT,13
12,DEBIT CARD ABUSE,45
12,DEL CONTROLLED SUB/NARCOTIC,6
12,DEL CONTROLLED SUB/SYN NARC,1
12,DEL SYNTHETIC MARIJUANA,2
12,DISTURBANCE - OTHER,270
12,DOC ABUSE OR THREAT,1
12,DOC DISCHARGE GUN - PUB PLACE,2
12,DOC DISCHARGE GUN - PUB ROAD,2
12,DOC DISPLAY GUN/DEADLY PUB PLC,5
12,DOC EXPOSURE,5
12,DOC FIGHTING,15
12,DOC UNREASONABLE NOISE,4
12,DOC WINDOW PEEPING-RESIDENCE,9
12,DRIVING WHILE INTOX / FELONY,26
12,DUMPING REFUSE NEAR HIGHWAY,1
12,DWI,227
12,DWI  .15 BAC OR ABOVE,39
12,DWI - CHILD PASSENGER,4
12,DWI - DRUG RECOGNITION EXPERT,5
12,DWI 2ND,38
12,ESCAPE FROM CUSTODY,1
12,EVADING / FOOT,11
12,EVADING / VEHICLE PURSUIT,3
12,EVADING VEHICLE,16
12,EXPLOSIVE ORDNANCE DISPOSAL,1
12,FAILURE TO IDENTIFY,20
12,FALSE ALARM OR REPORT,5
12,FALSE REPORT TO PEACE OFFICER,2
12,FAMILY DISTURBANCE,869
12,FAMILY DISTURBANCE/PARENTAL,50
12,FEDERAL VIOL/OTHER,2
12,FELONY ENHANCEMENT/ASSLT W/INJ,20
12,FORGERY - OTHER,2
12,FORGERY AND PASSING,21
12,FORGERY BY ALTERATION,1
12,FORGERY BY MAKING,2
12,FORGERY OF IDENTIFICATION,1
12,FRAUD - OTHER,79
12,FRAUD DESTRUCTION OF A WRITING,3
12,FRAUD FILING FINANCE STATEMENT,1
12,FRAUD-CARD SKIMMER,5
12,GAMBLING,1
12,GRAFFITI,22
12,HARASSMENT,185
12,HARASSMENT OF A PUBLIC SERVANT,3
12,HINDERING APPREHENSION,1
12,IDENTITY THEFT,57
12,ILLUMIN AIRCRAFT INTENSE LIGHT,1
12,INDECENT EXPOSURE,9
12,INJ TO DISABLED  FAM/DATE VIOL,2
12,INJ TO ELDERLY   FAM/DATE VIOL,1
12,INJ/CHILD FV (NO CARE/CUSTODY),1
12,INJURY DISABLED INDIVIDUAL,2
12,INJURY TO CHILD,7
12,INJURY TO ELDERLY PERSON,6
12,INTER EMERG PHONECALL FAM/DATE,1
12,INTERFERE W PO SERVICE ANIMALS,1
12,INTERFERING W/EMERG PHONE CALL,2
12,LIQUOR LAW VIOLATION/OTHER,18
12,LITTERING,1
12,MANSLAUGHTER,1
12,MISREP AGE BY MINOR,1
12,MURDER,1
12,NUISANCE ABATEMENT,1
12,ONLINE IMPERSONATION,5
12,ONLINE SOLICITATION OF A MINOR,3
12,PAROLE VIOL,1
12,POCKET PICKING,3
12,POSS CONTROLLED SUB/NARCOTIC,143
12,POSS CONTROLLED SUB/OTHER,3
12,POSS CONTROLLED SUB/SYN NARC,3
12,POSS DANG DRUG,3
12,POSS MARIJUANA,126
12,POSS OF ALCOHOL - AGE 17 TO 20,1
12,POSS OF DRUG PARAPHERNALIA,64
12,POSS OF FIREARM BY FELON,4
12,POSS OF PROHIBITED WEAPON,3
12,POSS SYNTHETIC MARIJUANA,4
12,POSS/PROMO CHILD PORNOGRAPHY,6
12,PROSTITUTION,1
12,PROTECTIVE ORDER,16
12,PUBLIC INTOX-SOBERING CENTER,10
12,PUBLIC INTOXICATION,121
12,RECKLESS DAMAGE,4
12,RESISTING ARREST OR SEARCH,9
12,ROBBERY BY ASSAULT,29
12,ROBBERY BY THREAT,9
12,RUNAWAY CHILD,130
12,SIT AND LIE ORDINANCE VIOL,1
12,SOLICITATION - BEGGING,3
12,STALKING,6
12,SUSPICIOUS PERSON,76
12,TAKE WEAPON FRM POLICE OFFICER,1
12,TAMPERING WITH EVIDENCE,4
12,TERRORISTIC THREAT,43
12,TERRORISTIC THREAT-FAM/DAT VIO,13
12,TERRORISTIC THREAT-MASS CASLTY,1
12,THEFT,748
12,THEFT BY CHECK,1
12,THEFT BY EMBEZZLEMENT,1
12,THEFT BY EXTORTION,1
12,THEFT BY FALSE PRETEXT/BUNCO,1
12,THEFT BY SHOPLIFTING,261
12,THEFT FROM AUTO,23
12,THEFT FROM BUILDING,25
12,THEFT FROM PERSON,35
12,THEFT OF AUTO PARTS,13
12,THEFT OF BICYCLE,53
12,THEFT OF HEAVY EQUIPMENT,1
12,THEFT OF LICENSE PLATE,34
12,THEFT OF METAL,2
12,THEFT OF SERVICE,33
12,THEFT OF TRAILER,13
12,TRADEMARK COUNTERFEITING,1
12,UNLAWFUL CARRY-LIC HOLDER,2
12,UNLAWFUL CARRYING WEAPON,13
12,UNLAWFUL RESTRAINT FAM/DAT VIO,4
12,URINATING IN PUBLIC PLACE,2
12,VIOL CITY ORDINANCE -  GAME RM,1
12,VIOL CITY ORDINANCE - DOG,1
12,VIOL CITY ORDINANCE - OTHER,41
12,VIOL CITY ORDINANCE - WRECKER,6
12,VIOL OF BOND CONDITIONS,2
12,VIOL OF CAMPING ORDINANCE,2
12,VIOL OF COURT ORDER-NON EPO-PO,1
12,VIOL OF EMERG PROTECTIVE ORDER,14
12,VIOL OF PROTECTIVE ORDER,23
12,VIOL STATE LAW - OTHER,6
12,VOCO - ALCOHOL  CONSUMPTION,1
12,WARRANT ARREST NON TRAFFIC,64
